,Year,Link,Week Ending,Comdata,T-Chek Self-Serve,T-Chek Wholesale 
0,2016.0,http://www.ttnews.com/fuel/comdata.aspx,2/19,184.7,189.4,108.2
0,2016.0,http://www.ttnews.com/fuel/comdata.aspx,1/1,206.4,209.8,112.8
0,2016.0,http://www.ttnews.com/fuel/comdata.aspx,1/8,202.3,206.3,110.0
0,2016.0,http://www.ttnews.com/fuel/comdata.aspx,1/15,198.5,201.4,99.5
0,2016.0,http://www.ttnews.com/fuel/comdata.aspx,1/22,193.3,197.1,91.5
0,2016.0,http://www.ttnews.com/fuel/comdata.aspx,1/29,188.8,192.1,99.1
0,2016.0,http://www.ttnews.com/fuel/comdata.aspx,2/5,186.2,189.6,105.3
0,2016.0,http://www.ttnews.com/fuel/comdata.aspx,2/12,184.4,188.2,100.6
0,2015.0,http://www.ttnews.com/fuel/comdata2015.htm,12/25,209.7,214.4,113.3
0,2015.0,http://www.ttnews.com/fuel/comdata2015.htm,1/2,301.0,313.4,177.0
0,2015.0,http://www.ttnews.com/fuel/comdata2015.htm,1/9,291.8,303.1,166.7
0,2015.0,http://www.ttnews.com/fuel/comdata2015.htm,1/16,284.4,294.1,156.6
0,2015.0,http://www.ttnews.com/fuel/comdata2015.htm,1/23,273.7,283.7,158.7
0,2015.0,http://www.ttnews.com/fuel/comdata2015.htm,1/30,266.4,278.3,162.2
0,2015.0,http://www.ttnews.com/fuel/comdata2015.htm,2/6,264.5,274.5,180.7
0,2015.0,http://www.ttnews.com/fuel/comdata2015.htm,2/13,265.8,274.3,188.0
0,2015.0,http://www.ttnews.com/fuel/comdata2015.htm,2/20,270.4,277.7,194.6
0,2015.0,http://www.ttnews.com/fuel/comdata2015.htm,2/27,272.3,279.2,194.6
0,2015.0,http://www.ttnews.com/fuel/comdata2015.htm,3/6,274.1,279.6,194.2
0,2015.0,http://www.ttnews.com/fuel/comdata2015.htm,3/13,273.9,278.6,185.0
0,2015.0,http://www.ttnews.com/fuel/comdata2015.htm,3/20,270.4,274.4,174.8
0,2015.0,http://www.ttnews.com/fuel/comdata2015.htm,3/27,264.7,269.9,175.5
0,2015.0,http://www.ttnews.com/fuel/comdata2015.htm,4/3,261.1,266.7,172.5
0,2015.0,http://www.ttnews.com/fuel/comdata2015.htm,4/10,256.7,264.1,174.2
0,2015.0,http://www.ttnews.com/fuel/comdata2015.htm,4/17,254.9,263.4,184.3
0,2015.0,http://www.ttnews.com/fuel/comdata2015.htm,4/24,259.8,267.5,187.4
0,2015.0,http://www.ttnews.com/fuel/comdata2015.htm,5/1,264.4,269.9,192.4
0,2015.0,http://www.ttnews.com/fuel/comdata2015.htm,5/8,268.8,274.4,199.9
0,2015.0,http://www.ttnews.com/fuel/comdata2015.htm,5/15,269.9,275.8,199.7
0,2015.0,http://www.ttnews.com/fuel/comdata2015.htm,5/22,273.7,277.8,197.9
0,2015.0,http://www.ttnews.com/fuel/comdata2015.htm,5/29,272.0,277.6,191.1
0,2015.0,http://www.ttnews.com/fuel/comdata2015.htm,6/5,272.1,277.4,190.0
0,2015.0,http://www.ttnews.com/fuel/comdata2015.htm,6/12,269.2,274.9,189.0
0,2015.0,http://www.ttnews.com/fuel/comdata2015.htm,6/19,268.0,274.1,188.3
0,2015.0,http://www.ttnews.com/fuel/comdata2015.htm,6/26,267.1,273.1,186.4
0,2015.0,http://www.ttnews.com/fuel/comdata2015.htm,7/3,265.9,272.0,186.5
0,2015.0,http://www.ttnews.com/fuel/comdata2015.htm,7/10,263.5,270.9,178.6
0,2015.0,http://www.ttnews.com/fuel/comdata2015.htm,7/17,261.9,269.7,175.9
0,2015.0,http://www.ttnews.com/fuel/comdata2015.htm,7/24,257.8,265.7,173.0
0,2015.0,http://www.ttnews.com/fuel/comdata2015.htm,7/31,250.1,259.4,166.3
0,2015.0,http://www.ttnews.com/fuel/comdata2015.htm,8/7,244.4,2.53,160.4
0,2015.0,http://www.ttnews.com/fuel/comdata2015.htm,8/14,240.4,250.7,166.0
0,2015.0,http://www.ttnews.com/fuel/comdata2015.htm,8/21,241.4,249.9,161.5
0,2015.0,http://www.ttnews.com/fuel/comdata2015.htm,8/28,232.9,242.5,150.6
0,2015.0,http://www.ttnews.com/fuel/comdata2015.htm,9/4,237.0,246.8,168.0
0,2015.0,http://www.ttnews.com/fuel/comdata2015.htm,9/11,237.2,244.3,163.0
0,2015.0,http://www.ttnews.com/fuel/comdata2015.htm,9/18,234.0,241.2,156.0
0,2015.0,http://www.ttnews.com/fuel/comdata2015.htm,9/25,230.7,239.2,155.1
0,2015.0,http://www.ttnews.com/fuel/comdata2015.htm,10/2,230.4,239.2,156.6
0,2015.0,http://www.ttnews.com/fuel/comdata2015.htm,10/9,237.4,243.5,171.1
0,2015.0,http://www.ttnews.com/fuel/comdata2015.htm,10/19,240.4,241.4,162.6
0,2015.0,http://www.ttnews.com/fuel/comdata2015.htm,10/23,235.2,237.9,158.7
0,2015.0,http://www.ttnews.com/fuel/comdata2015.htm,10/30,231.2,235.8,160.3
0,2015.0,http://www.ttnews.com/fuel/comdata2015.htm,11/2,233.7,239.8,164.8
0,2015.0,http://www.ttnews.com/fuel/comdata2015.htm,11/13,233.3,236.3,161.2
0,2015.0,http://www.ttnews.com/fuel/comdata2015.htm,11/20,231.4,234.4,155.1
0,2015.0,http://www.ttnews.com/fuel/comdata2015.htm,11/27,225.1,231.3,151.9
0,2015.0,http://www.ttnews.com/fuel/comdata2015.htm,12/4,222.8,228.9,145.3
0,2015.0,http://www.ttnews.com/fuel/comdata2015.htm,12/11,219.3,225.1,124.3
0,2015.0,http://www.ttnews.com/fuel/comdata2015.htm,12/18,214.4,220.2,111.9
0,2014.0,http://www.ttnews.com/fuel/comdata2014.htm,12/26,309.9,321.5,182.8
0,2014.0,http://www.ttnews.com/fuel/comdata2014.htm,1/3,378.0,387.9,309.5
0,2014.0,http://www.ttnews.com/fuel/comdata2014.htm,1/10,376.1,387.4,301.8
0,2014.0,http://www.ttnews.com/fuel/comdata2014.htm,1/17,372.4,386.1,298.5
0,2014.0,http://www.ttnews.com/fuel/comdata2014.htm,1/24,371.4,383.9,300.6
0,2014.0,http://www.ttnews.com/fuel/comdata2014.htm,1/31,376.7,386.5,306.6
0,2014.0,http://www.ttnews.com/fuel/comdata2014.htm,2/7,378.4,385.7,304.3
0,2014.0,http://www.ttnews.com/fuel/comdata2014.htm,2/14,382.1,387.6,309.7
0,2014.0,http://www.ttnews.com/fuel/comdata2014.htm,2/21,384.7,389.8,318.4
0,2014.0,http://www.ttnews.com/fuel/comdata2014.htm,2/28,385.4,392.8,318.6
0,2014.0,http://www.ttnews.com/fuel/comdata2014.htm,3/7,385.5,395.2,320.9
0,2014.0,http://www.ttnews.com/fuel/comdata2014.htm,3/14,386.9,393.9,312.7
0,2014.0,http://www.ttnews.com/fuel/comdata2014.htm,3/21,382.4,392.3,309.8
0,2014.0,http://www.ttnews.com/fuel/comdata2014.htm,3/28,381.0,391.9,312.2
0,2014.0,http://www.ttnews.com/fuel/comdata2014.htm,4/4,382.5,390.7,309.1
0,2014.0,http://www.ttnews.com/fuel/comdata2014.htm,4/11,378.8,390.6,311.2
0,2014.0,http://www.ttnews.com/fuel/comdata2014.htm,4/18,379.2,392.5,315.8
0,2014.0,http://www.ttnews.com/fuel/comdata2014.htm,4/25,381.5,392.9,317.9
0,2014.0,http://www.ttnews.com/fuel/comdata2014.htm,5/2,380.8,392.5,311.3
0,2014.0,http://www.ttnews.com/fuel/comdata2014.htm,5/9,378.9,390.5,307.8
0,2014.0,http://www.ttnews.com/fuel/comdata2014.htm,5/16,377.7,389.0,308.6
0,2014.0,http://www.ttnews.com/fuel/comdata2014.htm,5/23,376.7,388.0,308.1
0,2014.0,http://www.ttnews.com/fuel/comdata2014.htm,5/30,374.8,387.5,306.6
0,2014.0,http://www.ttnews.com/fuel/comdata2014.htm,6/6,373.8,385.7,299.2
0,2014.0,http://www.ttnews.com/fuel/comdata2014.htm,6/13,372.0,384.0,301.0
0,2014.0,http://www.ttnews.com/fuel/comdata2014.htm,6/20,372.5,385.3,310.0
0,2014.0,http://www.ttnews.com/fuel/comdata2014.htm,6/27,378.1,387.6,310.6
0,2014.0,http://www.ttnews.com/fuel/comdata2014.htm,7/4,378.5,386.7,303.6
0,2014.0,http://www.ttnews.com/fuel/comdata2014.htm,7/11,374.8,385.4,297.2
0,2014.0,http://www.ttnews.com/fuel/comdata2014.htm,7/18,373.0,382.9,294.2
0,2014.0,http://www.ttnews.com/fuel/comdata2014.htm,7/25,370.3,381.9,294.9
0,2014.0,http://www.ttnews.com/fuel/comdata2014.htm,8/1,370.5,381.2,298.2
0,2014.0,http://www.ttnews.com/fuel/comdata2014.htm,8/8,368.8,380.7,297.9
0,2014.0,http://www.ttnews.com/fuel/comdata2014.htm,8/15,366.9,379.8,297.5
0,2014.0,http://www.ttnews.com/fuel/comdata2014.htm,8/22,365.3,378.4,293.9
0,2014.0,http://www.ttnews.com/fuel/comdata2014.htm,8/29,363.8,378.1,296.6
0,2014.0,http://www.ttnews.com/fuel/comdata2014.htm,9/5,363.1,378.0,294.8
0,2014.0,http://www.ttnews.com/fuel/comdata2014.htm,9/12,362.2,377.6,287.7
0,2014.0,http://www.ttnews.com/fuel/comdata2014.htm,9/19,359.6,374.9,283.5
0,2014.0,http://www.ttnews.com/fuel/comdata2014.htm,9/26,356.7,372.9,278.8
0,2014.0,http://www.ttnews.com/fuel/comdata2014.htm,10/3,355.0,371.0,278.2
0,2014.0,http://www.ttnews.com/fuel/comdata2014.htm,10/10,352.0,368.8,373.1
0,2014.0,http://www.ttnews.com/fuel/comdata2014.htm,10/17,348.6,363.7,267.5
0,2014.0,http://www.ttnews.com/fuel/comdata2014.htm,10/24,344.2,364.4,274.7
0,2014.0,http://www.ttnews.com/fuel/comdata2014.htm,10/31,356.7,362.5,272.7
0,2014.0,http://www.ttnews.com/fuel/comdata2014.htm,11/7,341.2,363.8,283.0
0,2014.0,http://www.ttnews.com/fuel/comdata2014.htm,11/14,347.0,368.2,271.1
0,2014.0,http://www.ttnews.com/fuel/comdata2014.htm,11/21,344.8,365.0,265.0
0,2014.0,http://www.ttnews.com/fuel/comdata2014.htm,11/28,337.9,361.6,257.4
0,2014.0,http://www.ttnews.com/fuel/comdata2014.htm,12/5,335.7,355.5,232.5
0,2014.0,http://www.ttnews.com/fuel/comdata2014.htm,12/12,330.2,346.6,212.9
0,2014.0,http://www.ttnews.com/fuel/comdata2014.htm,12/19,318.2,336.7,194.8
0,2013.0,http://www.ttnews.com/fuel/comdata2013.htm,12/27,374.1,388.7,313.5
0,2013.0,http://www.ttnews.com/fuel/comdata2013.htm,1/4/13,371.5,384.6,308.0
0,2013.0,http://www.ttnews.com/fuel/comdata2013.htm,1/11,370.3,383.6,308.3
0,2013.0,http://www.ttnews.com/fuel/comdata2013.htm,1/18,370.4,383.2,306.9
0,2013.0,http://www.ttnews.com/fuel/comdata2013.htm,1/25,377.7,384.6,310.6
0,2013.0,http://www.ttnews.com/fuel/comdata2013.htm,2/1,378.7,390.0,316.1
0,2013.0,http://www.ttnews.com/fuel/comdata2013.htm,2/8,386.1,398.8,327.6
0,2013.0,http://www.ttnews.com/fuel/comdata2013.htm,2/15,395.2,408.7,337.3
0,2013.0,http://www.ttnews.com/fuel/comdata2013.htm,2/22,396.2,412.0,334.2
0,2013.0,http://www.ttnews.com/fuel/comdata2013.htm,3/1,394.3,410.5,323.6
0,2013.0,http://www.ttnews.com/fuel/comdata2013.htm,3/8,391.0,406.4,318.6
0,2013.0,http://www.ttnews.com/fuel/comdata2013.htm,3/15,385.2,402.5,316.2
0,2013.0,http://www.ttnews.com/fuel/comdata2013.htm,3/22,380.9,398.9,312.6
0,2013.0,http://www.ttnews.com/fuel/comdata2013.htm,3/29,379.2,396.0,315.9
0,2013.0,http://www.ttnews.com/fuel/comdata2013.htm,4/5,378.1,395.2,318.7
0,2013.0,http://www.ttnews.com/fuel/comdata2013.htm,4/12,375.4,393.0,309.3
0,2013.0,http://www.ttnews.com/fuel/comdata2013.htm,4/19,370.7,388.2,294.5
0,2013.0,http://www.ttnews.com/fuel/comdata2013.htm,4/26,365.2,382.3,297.7
0,2013.0,http://www.ttnews.com/fuel/comdata2013.htm,5/3,362.8,379.7,298.7
0,2013.0,http://www.ttnews.com/fuel/comdata2013.htm,5/10,364.0,381.3,308.2
0,2013.0,http://www.ttnews.com/fuel/comdata2013.htm,5/17,368.0,382.8,304.0
0,2013.0,http://www.ttnews.com/fuel/comdata2013.htm,5/24,371.4,385.2,306.9
0,2013.0,http://www.ttnews.com/fuel/comdata2013.htm,5/31,368.7,384.1,303.2
0,2013.0,http://www.ttnews.com/fuel/comdata2013.htm,6/7,366.9,382.7,301.6
0,2013.0,http://www.ttnews.com/fuel/comdata2013.htm,6/14,366.1,382.8,304.0
0,2013.0,http://www.ttnews.com/fuel/comdata2013.htm,6/21,365.4,382.1,306.3
0,2013.0,http://www.ttnews.com/fuel/comdata2013.htm,6/28,364.8,379.6,297.3
0,2013.0,http://www.ttnews.com/fuel/comdata2013.htm,7/5,363.1,377.1,300.8
0,2013.0,http://www.ttnews.com/fuel/comdata2013.htm,7/12,369.7,381.9,308.7
0,2013.0,http://www.ttnews.com/fuel/comdata2013.htm,7/19,371.7,385.9,314.7
0,2013.0,http://www.ttnews.com/fuel/comdata2013.htm,7/26,375.4,388.5,313.7
0,2013.0,http://www.ttnews.com/fuel/comdata2013.htm,8/2,375.3,387.9,312.9
0,2013.0,http://www.ttnews.com/fuel/comdata2013.htm,8/9,374.6,387.5,308.7
0,2013.0,http://www.ttnews.com/fuel/comdata2013.htm,8/16,373.1,386.8,313.6
0,2013.0,http://www.ttnews.com/fuel/comdata2013.htm,8/23,374.9,389.2,316.7
0,2013.0,http://www.ttnews.com/fuel/comdata2013.htm,8/30,377.7,393.3,324.2
0,2013.0,http://www.ttnews.com/fuel/comdata2013.htm,9/6,382.2,395.9,322.5
0,2013.0,http://www.ttnews.com/fuel/comdata2013.htm,9/13,381.7,394.5,319.0
0,2013.0,http://www.ttnews.com/fuel/comdata2013.htm,9/20,381.4,393.0,312.8
0,2013.0,http://www.ttnews.com/fuel/comdata2013.htm,9/27,379.8,390.7,308.2
0,2013.0,http://www.ttnews.com/fuel/comdata2013.htm,10/4,374.8,388.3,307.3
0,2013.0,http://www.ttnews.com/fuel/comdata2013.htm,10/11,374.0,386.8,312.3
0,2013.0,http://www.ttnews.com/fuel/comdata2013.htm,10/18,374.9,386.2,310.8
0,2013.0,http://www.ttnews.com/fuel/comdata2013.htm,10/25,371.5,385.3,303.6
0,2013.0,http://www.ttnews.com/fuel/comdata2013.htm,11/1,368.9,383.4,305.5
0,2013.0,http://www.ttnews.com/fuel/comdata2013.htm,11/8,366.9,381.2,297.8
0,2013.0,http://www.ttnews.com/fuel/comdata2013.htm,11/15,365.4,380.1,299.4
0,2013.0,http://www.ttnews.com/fuel/comdata2013.htm,11/22,365.2,380.9,304.9
0,2013.0,http://www.ttnews.com/fuel/comdata2013.htm,11/29,369.9,385.9,313.6
0,2013.0,http://www.ttnews.com/fuel/comdata2013.htm,12/6,373.0,386.2,312.0
0,2013.0,http://www.ttnews.com/fuel/comdata2013.htm,12/13,372.3,387.3,306.6
0,2013.0,http://www.ttnews.com/fuel/comdata2013.htm,12/20,371.5,385.7,306.0
0,2012.0,http://www.ttnews.com/fuel/comdata2012.htm,12/24 - 12/28,372.5,385.9,309.9
0,2012.0,http://www.ttnews.com/fuel/comdata2012.htm,1/2/12 - 1/6/12,364.0,377.4,309.3
0,2012.0,http://www.ttnews.com/fuel/comdata2012.htm,1/9 - 1/13,368.2,383.3,312.8
0,2012.0,http://www.ttnews.com/fuel/comdata2012.htm,1/16 - 1/20,368.0,382.0,307.4
0,2012.0,http://www.ttnews.com/fuel/comdata2012.htm,1/23 - 1/27,366.9,379.7,306.2
0,2012.0,http://www.ttnews.com/fuel/comdata2012.htm,1/30 - 2/3,369.4,381.8,309.7
0,2012.0,http://www.ttnews.com/fuel/comdata2012.htm,2/6 - 2/10,374.1,388.0,321.9
0,2012.0,http://www.ttnews.com/fuel/comdata2012.htm,2/13 - 2/17,378.0,391.1,321.4
0,2012.0,http://www.ttnews.com/fuel/comdata2012.htm,2/20 - 2/24,383.0,396.5,328.7
0,2012.0,http://www.ttnews.com/fuel/comdata2012.htm,2/27 - 3/2,389.9,403.9,331.0
0,2012.0,http://www.ttnews.com/fuel/comdata2012.htm,3/5 - 3/9,393.1,405.5,332.3
0,2012.0,http://www.ttnews.com/fuel/comdata2012.htm,3/12 - 3/16,395.6,408.1,338.1
0,2012.0,http://www.ttnews.com/fuel/comdata2012.htm,3/19 - 3/23,398.1,411.4,338.3
0,2012.0,http://www.ttnews.com/fuel/comdata2012.htm,3/26 - 3/30,397.7,411.2,337.3
0,2012.0,http://www.ttnews.com/fuel/comdata2012.htm,4/2 - 4/6,398.5,411.7,338.4
0,2012.0,http://www.ttnews.com/fuel/comdata2012.htm,4/9 - 4/13,396.9,409.1,331.4
0,2012.0,http://www.ttnews.com/fuel/comdata2012.htm,4/16 - 4/20,392.9,405.7,328.7
0,2012.0,http://www.ttnews.com/fuel/comdata2012.htm,4/23 - 4/27,389.6,402.4,331.6
0,2012.0,http://www.ttnews.com/fuel/comdata2012.htm,4/30 - 5/4,389.7,403.4,330.6
0,2012.0,http://www.ttnews.com/fuel/comdata2012.htm,5/7 - 5/11,384.6,397.8,315.0
0,2012.0,http://www.ttnews.com/fuel/comdata2012.htm,5/21 - 5/25,374.9,387.3,302.4
0,2012.0,http://www.ttnews.com/fuel/comdata2012.htm,5/28 - 6/1,368.8,382.4,296.7
0,2012.0,http://www.ttnews.com/fuel/comdata2012.htm,6/4 - 6/8,363.0,375.6,284.9
0,2012.0,http://www.ttnews.com/fuel/comdata2012.htm,6/11 - 6/15,357.9,371.1,282.9
0,2012.0,http://www.ttnews.com/fuel/comdata2012.htm,6/18 - 6/22,353.5,367.6,281.8
0,2012.0,http://www.ttnews.com/fuel/comdata2012.htm,6/25 - 6/29,346.7,361.6,278.5
0,2012.0,http://www.ttnews.com/fuel/comdata2012.htm,7/2 - 7/6,348.6,364.2,293.8
0,2012.0,http://www.ttnews.com/fuel/comdata2012.htm,7/9 - 7/13,352.8,368.6,295.7
0,2012.0,http://www.ttnews.com/fuel/comdata2012.htm,7/16 - 7/20,355.9,372.0,304.3
0,2012.0,http://www.ttnews.com/fuel/comdata2012.htm,7/23 - 7/27,364.6,379.3,302.2
0,2012.0,http://www.ttnews.com/fuel/comdata2012.htm,7/30 - 8/3,364.8,381.4,308.6
0,2012.0,http://www.ttnews.com/fuel/comdata2012.htm,8/6 - 8/10,374.5,391.9,324.5
0,2012.0,http://www.ttnews.com/fuel/comdata2012.htm,8/13 - 8/17,383.9,400.3,329.9
0,2012.0,http://www.ttnews.com/fuel/comdata2012.htm,8/20 - 8/24,388.8,406.0,334.7
0,2012.0,http://www.ttnews.com/fuel/comdata2012.htm,8/27 - 8/31,394.1,410.3,337.1
0,2012.0,http://www.ttnews.com/fuel/comdata2012.htm,9/3 - 9/7,396.5,410.7,336.6
0,2012.0,http://www.ttnews.com/fuel/comdata2012.htm,9/10 - 9/14,394.6,411.1,338.5
0,2012.0,http://www.ttnews.com/fuel/comdata2012.htm,9/17 - 9/21,392.7,409.1,328.9
0,2012.0,http://www.ttnews.com/fuel/comdata2012.htm,9/24 - 9/28,387.6,403.6,329.9
0,2012.0,http://www.ttnews.com/fuel/comdata2012.htm,10/1 - 10/5,388.4,404.8,336.1
0,2012.0,http://www.ttnews.com/fuel/comdata2012.htm,10/8 - 10/12,395.1,414.2,348.6
0,2012.0,http://www.ttnews.com/fuel/comdata2012.htm,10/15 - 10/19,395.2,414.2,339.7
0,2012.0,http://www.ttnews.com/fuel/comdata2012.htm,10/22 - 10/26,387.1,406.0,322.0
0,2012.0,http://www.ttnews.com/fuel/comdata2012.htm,10/29 - 11/2,380.4,398.8,319.4
0,2012.0,http://www.ttnews.com/fuel/comdata2012.htm,11/5 - 11/9,377.7,394.0,311.8
0,2012.0,http://www.ttnews.com/fuel/comdata2012.htm,11/12 - 11/16,376.9,392.9,313.3
0,2012.0,http://www.ttnews.com/fuel/comdata2012.htm,11/19 - 11/23,377.5,395.2,326.7
0,2012.0,http://www.ttnews.com/fuel/comdata2012.htm,11/26 - 11/30,384.0,397.6,320.1
0,2012.0,http://www.ttnews.com/fuel/comdata2012.htm,12/3 - 12/7,380.8,394.3,313.7
0,2012.0,http://www.ttnews.com/fuel/comdata2012.htm,12/10 - 12/14,376.8,390.6,305.6
0,2012.0,http://www.ttnews.com/fuel/comdata2012.htm,12/17 - 12/21,373.1,386.5,307.4
0,2011.0,http://www.ttnews.com/fuel/comdata2011.htm,12/26 - 12/30,364.1,374.1,332.6
0,2011.0,http://www.ttnews.com/fuel/comdata2011.htm,1/3 - 1/7/11,325.0,333.7,259.9
0,2011.0,http://www.ttnews.com/fuel/comdata2011.htm,1/10 - 1/14,327.8,335.8,267.5
0,2011.0,http://www.ttnews.com/fuel/comdata2011.htm,1/17 - 1/21,333.4,340.8,270.5
0,2011.0,http://www.ttnews.com/fuel/comdata2011.htm,1/24 - 1/28,334.9,341.6,270.8
0,2011.0,http://www.ttnews.com/fuel/comdata2011.htm,1/31 - 2/4,338.4,345.5,282.3
0,2011.0,http://www.ttnews.com/fuel/comdata2011.htm,2/7 - 2/11,343.9,350.9,285.2
0,2011.0,http://www.ttnews.com/fuel/comdata2011.htm,2/14 - 2/18,346.4,355.4,289.9
0,2011.0,http://www.ttnews.com/fuel/comdata2011.htm,2/21 - 2/25,354.0,363.4,299.1
0,2011.0,http://www.ttnews.com/fuel/comdata2011.htm,2/28 - 3/4,368.4,379.7,317.3
0,2011.0,http://www.ttnews.com/fuel/comdata2011.htm,3/7 - 3/11,380.4,391.1,321.3
0,2011.0,http://www.ttnews.com/fuel/comdata2011.htm,3/14 - 3/18,381.0,391.3,320.1
0,2011.0,http://www.ttnews.com/fuel/comdata2011.htm,3/21 - 3/25,381.6,391.7,324.9
0,2011.0,http://www.ttnews.com/fuel/comdata2011.htm,3/28 - 4/1,384.5,394.5,324.8
0,2011.0,http://www.ttnews.com/fuel/comdata2011.htm,4/4 - 4/8,391.2,401.5,335.5
0,2011.0,http://www.ttnews.com/fuel/comdata2011.htm,4/11 - 4/15,399.9,410.9,337.7
0,2011.0,http://www.ttnews.com/fuel/comdata2011.htm,4/18 - 4/22,400.5,410.3,336.4
0,2011.0,http://www.ttnews.com/fuel/comdata2011.htm,4/25 - 4/29,400.6,410.4,339.0
0,2011.0,http://www.ttnews.com/fuel/comdata2011.htm,5/2 - 5/6,401.7,412.5,331.8
0,2011.0,http://www.ttnews.com/fuel/comdata2011.htm,5/9 - 5/13,397.4,408.3,319.8
0,2011.0,http://www.ttnews.com/fuel/comdata2011.htm,5/16 - 5/20,392.1,402.5,310.1
0,2011.0,http://www.ttnews.com/fuel/comdata2011.htm,5/23 - 5/27,385.4,396.5,312.1
0,2011.0,http://www.ttnews.com/fuel/comdata2011.htm,5/30 - 6/3,381.1,393.8,318.7
0,2011.0,http://www.ttnews.com/fuel/comdata2011.htm,6/6 - 6/10,379.9,393.1,321.5
0,2011.0,http://www.ttnews.com/fuel/comdata2011.htm,6/13 - 6/17,381.1,394.7,317.4
0,2011.0,http://www.ttnews.com/fuel/comdata2011.htm,6/20 - 6/24,377.3,390.3,303.8
0,2011.0,http://www.ttnews.com/fuel/comdata2011.htm,6/27 - 7/1,372.0,383.4,301.2
0,2011.0,http://www.ttnews.com/fuel/comdata2011.htm,7/4 - 7/8,370.4,383.0,311.3
0,2011.0,http://www.ttnews.com/fuel/comdata2011.htm,7/11 - 7/15,375.9,388.7,319.7
0,2011.0,http://www.ttnews.com/fuel/comdata2011.htm,7/18 - 7/22,377.5,391.2,322.1
0,2011.0,http://www.ttnews.com/fuel/comdata2011.htm,7/25 - 7/29,379.1,393.2,323.2
0,2011.0,http://www.ttnews.com/fuel/comdata2011.htm,8/1 - 8/5,378.0,391.8,318.6
0,2011.0,http://www.ttnews.com/fuel/comdata2011.htm,8/8 - 8/12,371.1,385.8,303.5
0,2011.0,http://www.ttnews.com/fuel/comdata2011.htm,8/15 - 8/19,367.7,384.1,309.7
0,2011.0,http://www.ttnews.com/fuel/comdata2011.htm,8/22 - 8/26,366.1,382.6,312.0
0,2011.0,http://www.ttnews.com/fuel/comdata2011.htm,8/29 - 9/2,369.7,386.9,320.3
0,2011.0,http://www.ttnews.com/fuel/comdata2011.htm,9/5 - 9/9,371.8,388.5,318.3
0,2011.0,http://www.ttnews.com/fuel/comdata2011.htm,9/12 - 9/16,369.2,386.3,311.1
0,2011.0,http://www.ttnews.com/fuel/comdata2011.htm,9/19 - 9/23,366.8,384.6,308.9
0,2011.0,http://www.ttnews.com/fuel/comdata2011.htm,9/26 - 9/30,362.0,379.7,301.5
0,2011.0,http://www.ttnews.com/fuel/comdata2011.htm,10/3 - 10/7,358.5,373.9,295.2
0,2011.0,http://www.ttnews.com/fuel/comdata2011.htm,10/10 - 10/14,360.8,376.2,308.3
0,2011.0,http://www.ttnews.com/fuel/comdata2011.htm,10/17 - 10/21,367.7,384.6,317.6
0,2011.0,http://www.ttnews.com/fuel/comdata2011.htm,10/24 - 10/28,370.6,386.8,321.9
0,2011.0,http://www.ttnews.com/fuel/comdata2011.htm,10/31 - 11/4,375.1,392.6,321.7
0,2011.0,http://www.ttnews.com/fuel/comdata2011.htm,11/7 - 11/11,378.6,395.4,332.4
0,2011.0,http://www.ttnews.com/fuel/comdata2011.htm,11/14 - 11/18,386.8,402.7,331.3
0,2011.0,http://www.ttnews.com/fuel/comdata2011.htm,11/21 - 11/25,382.7,399.3,314.8
0,2011.0,http://www.ttnews.com/fuel/comdata2011.htm,11/28 - 12/2,379.4,393.9,310.9
0,2011.0,http://www.ttnews.com/fuel/comdata2011.htm,12/5 - 12/9,374.8,390.4,305.9
0,2011.0,http://www.ttnews.com/fuel/comdata2011.htm,12/12 - 12/16,369.2,384.1,294.9
0,2011.0,http://www.ttnews.com/fuel/comdata2011.htm,12/19 - 12/23,363.6,377.4,296.5
0,2010.0,http://www.ttnews.com/fuel/comdata2010.htm,12/27 - 12/31,324.1,332.3,260.0
0,2010.0,http://www.ttnews.com/fuel/comdata2010.htm,12/28 - 1/1/10,270.9,273.5,213.1
0,2010.0,http://www.ttnews.com/fuel/comdata2010.htm,1/4 - 1/8,278.4,282.4,221.2
0,2010.0,http://www.ttnews.com/fuel/comdata2010.htm,1/11 - 1/15,282.3,285.4,214.8
0,2010.0,http://www.ttnews.com/fuel/comdata2010.htm,1/18 - 1/22,279.6,282.5,206.7
0,2010.0,http://www.ttnews.com/fuel/comdata2010.htm,1/25 - 1/29,274.9,277.7,201.3
0,2010.0,http://www.ttnews.com/fuel/comdata2010.htm,2/1 - 2/5,271.5,274.4,205.1
0,2010.0,http://www.ttnews.com/fuel/comdata2010.htm,2/8 - 2/12,269.3,272.4,200.8
0,2010.0,http://www.ttnews.com/fuel/comdata2010.htm,2/15 - 2/19,271.1,273.9,206.7
0,2010.0,http://www.ttnews.com/fuel/comdata2010.htm,2/22 - 2/26,278.3,282.3,212.9
0,2010.0,http://www.ttnews.com/fuel/comdata2010.htm,3/1 - 3/5,280.7,283.7,216.1
0,2010.0,http://www.ttnews.com/fuel/comdata2010.htm,3/8 - 3/12,284.2,287.7,219.5
0,2010.0,http://www.ttnews.com/fuel/comdata2010.htm,3/15 - 3/19,286.1,289.8,221.0
0,2010.0,http://www.ttnews.com/fuel/comdata2010.htm,3/22 - 3/26,287.3,290.8,219.9
0,2010.0,http://www.ttnews.com/fuel/comdata2010.htm,3/29 - 4/2,289.4,293.3,227.6
0,2010.0,http://www.ttnews.com/fuel/comdata2010.htm,4/5 - 4/9,298.0,302.6,235.3
0,2010.0,http://www.ttnews.com/fuel/comdata2010.htm,4/12 - 4/16,299.8,303.0,233.2
0,2010.0,http://www.ttnews.com/fuel/comdata2010.htm,4/19 - 4/23,299.8,302.3,232.7
0,2010.0,http://www.ttnews.com/fuel/comdata2010.htm,4/26 - 4/30,301.9,304.7,236.5
0,2010.0,http://www.ttnews.com/fuel/comdata2010.htm,5/3 - 5/7,306.2,309.8,233.5
0,2010.0,http://www.ttnews.com/fuel/comdata2010.htm,5/10 - 5/14,304.0,306.2,225.8
0,2010.0,http://www.ttnews.com/fuel/comdata2010.htm,5/17 - 5/21,299.2,301.1,207.6
0,2010.0,http://www.ttnews.com/fuel/comdata2010.htm,5/24 - 5/28,292.6,294.6,204.4
0,2010.0,http://www.ttnews.com/fuel/comdata2010.htm,5/31 - 6/4,289.5,292.4,210.8
0,2010.0,http://www.ttnews.com/fuel/comdata2010.htm,6/7 - 6/11,286.7,288.3,207.5
0,2010.0,http://www.ttnews.com/fuel/comdata2010.htm,6/14 - 6/18,286.7,288.1,214.1
0,2010.0,http://www.ttnews.com/fuel/comdata2010.htm,6/21 - 6/25,289.4,291.6,216.7
0,2010.0,http://www.ttnews.com/fuel/comdata2010.htm,6/28 - 7/2,288.2,290.5,210.0
0,2010.0,http://www.ttnews.com/fuel/comdata2010.htm,7/5 - 7/9,284.5,287.5,206.0
0,2010.0,http://www.ttnews.com/fuel/comdata2010.htm,7/12 - 7/16,283.5,286.5,212.9
0,2010.0,http://www.ttnews.com/fuel/comdata2010.htm,7/19 - 7/23,283.7,286.8,212.7
0,2010.0,http://www.ttnews.com/fuel/comdata2010.htm,7/26 - 7/30,285.2,288.4,214.0
0,2010.0,http://www.ttnews.com/fuel/comdata2010.htm,8/2 - 8/6,289.1,293.5,227.9
0,2010.0,http://www.ttnews.com/fuel/comdata2010.htm,8/9 - 8/13,291.9,297.2,221.7
0,2010.0,http://www.ttnews.com/fuel/comdata2010.htm,8/16 - 8/20,289.5,294.0,215.3
0,2010.0,http://www.ttnews.com/fuel/comdata2010.htm,8/23 - 8/27,287.1,291.4,212.0
0,2010.0,http://www.ttnews.com/fuel/comdata2010.htm,8/30 - 9/3,286.1,290.7,217.7
0,2010.0,http://www.ttnews.com/fuel/comdata2010.htm,9/6 - 9/10,286.2,290.3,220.7
0,2010.0,http://www.ttnews.com/fuel/comdata2010.htm,9/13 - 9/17,288.7,293.7,225.2
0,2010.0,http://www.ttnews.com/fuel/comdata2010.htm,9/20 - 9/24,288.7,293.6,224.8
0,2010.0,http://www.ttnews.com/fuel/comdata2010.htm,9/27 - 10/1,288.9,294.2,226.8
0,2010.0,http://www.ttnews.com/fuel/comdata2010.htm,10/4 - 10/8,297.4,304.1,237.4
0,2010.0,http://www.ttnews.com/fuel/comdata2010.htm,10/11 - 10/15,300.4,307.9,238.8
0,2010.0,http://www.ttnews.com/fuel/comdata2010.htm,10/18 - 10/22,300.0,308.1,238.4
0,2010.0,http://www.ttnews.com/fuel/comdata2010.htm,10/25 - 10/29,299.4,310.0,239.7
0,2010.0,http://www.ttnews.com/fuel/comdata2010.htm,11/1 - 11/5,300.5,311.0,242.9
0,2010.0,http://www.ttnews.com/fuel/comdata2010.htm,11/8 - 11/12,308.8,320.6,256.2
0,2010.0,http://www.ttnews.com/fuel/comdata2010.htm,11/15 - 11/19,310.7,322.1,247.2
0,2010.0,http://www.ttnews.com/fuel/comdata2010.htm,11/22 - 11/26,308.8,320.4,246.9
0,2010.0,http://www.ttnews.com/fuel/comdata2010.htm,11/29 - 12/3,308.9,319.9,252.3
0,2010.0,http://www.ttnews.com/fuel/comdata2010.htm,12/6 - 12/10,313.9,323.4,256.8
0,2010.0,http://www.ttnews.com/fuel/comdata2010.htm,12/13 - 12/17,316.2,324.4,257.4
0,2010.0,http://www.ttnews.com/fuel/comdata2010.htm,12/20 - 12/24,318.7,325.6,259.3
0,2009.0,http://www.ttnews.com/fuel/comdata2009.htm,12/28 - 1/1/10,270.9,273.5,213.1
0,2009.0,http://www.ttnews.com/fuel/comdata2009.htm,1/5/09 - 1/9/09,227.4,231.0,163.4
0,2009.0,http://www.ttnews.com/fuel/comdata2009.htm,1/12 - 1/16,227.0,230.1,154.4
0,2009.0,http://www.ttnews.com/fuel/comdata2009.htm,1/19 - 1/23,224.6,227.5,144.8
0,2009.0,http://www.ttnews.com/fuel/comdata2009.htm,1/26 - 1/30,221.5,224.1,147.1
0,2009.0,http://www.ttnews.com/fuel/comdata2009.htm,2/2 - 2/6,219.5,221.5,144.7
0,2009.0,http://www.ttnews.com/fuel/comdata2009.htm,2/9 - 2/13,216.5,217.9,142.2
0,2009.0,http://www.ttnews.com/fuel/comdata2009.htm,2/16 - 2/20,211.8,213.4,130.5
0,2009.0,http://www.ttnews.com/fuel/comdata2009.htm,2/23 - 2/27,205.2,206.7,130.5
0,2009.0,http://www.ttnews.com/fuel/comdata2009.htm,3/2 - 3/6,202.1,203.6,123.4
0,2009.0,http://www.ttnews.com/fuel/comdata2009.htm,3/9 - 3/13,198.1,199.9,123.2
0,2009.0,http://www.ttnews.com/fuel/comdata2009.htm,3/16 - 3/20,197.9,200.3,133.9
0,2009.0,http://www.ttnews.com/fuel/comdata2009.htm,3/23 - 3/27,211.4,216.3,156.0
0,2009.0,http://www.ttnews.com/fuel/comdata2009.htm,3/30 - 4/3,217.0,220.5,147.9
0,2009.0,http://www.ttnews.com/fuel/comdata2009.htm,4/6 - 4/10,217.1,221.0,152.0
0,2009.0,http://www.ttnews.com/fuel/comdata2009.htm,4/13 - 4/17,217.2,220.9,151.0
0,2009.0,http://www.ttnews.com/fuel/comdata2009.htm,4/20 - 4/24,216.1,219.1,144.5
0,2009.0,http://www.ttnews.com/fuel/comdata2009.htm,4/27 - 5/1,213.9,217.1,141.3
0,2009.0,http://www.ttnews.com/fuel/comdata2009.htm,5/4 - 5/8,214.3,217.0,149.7
0,2009.0,http://www.ttnews.com/fuel/comdata2009.htm,5/11 - 5/15,217.5,221.0,153.8
0,2009.0,http://www.ttnews.com/fuel/comdata2009.htm,5/18 - 5/22,220.0,222.5,156.6
0,2009.0,http://www.ttnews.com/fuel/comdata2009.htm,5/25 - 5/29,224.3,227.8,162.5
0,2009.0,http://www.ttnews.com/fuel/comdata2009.htm,6/1 - 6/5,237.6,242.7,181.6
0,2009.0,http://www.ttnews.com/fuel/comdata2009.htm,6/8 - 6/12,246.9,251.1,186.6
0,2009.0,http://www.ttnews.com/fuel/comdata2009.htm,6/15 - 6/19,253.5,257.5,190.3
0,2009.0,http://www.ttnews.com/fuel/comdata2009.htm,6/22 - 6/26,254.7,258.7,184.8
0,2009.0,http://www.ttnews.com/fuel/comdata2009.htm,6/30 - 7/3,254.1,258.0,185.8
0,2009.0,http://www.ttnews.com/fuel/comdata2009.htm,7/6 - 7/10,250.6,253.7,166.0
0,2009.0,http://www.ttnews.com/fuel/comdata2009.htm,7/13 - 7/17,244.6,247.9,164.3
0,2009.0,http://www.ttnews.com/fuel/comdata2009.htm,7/20 - 7/24,243.4,246.9,181.0
0,2009.0,http://www.ttnews.com/fuel/comdata2009.htm,7/27 - 7/31,248.4,252.4,184.4
0,2009.0,http://www.ttnews.com/fuel/comdata2009.htm,8/3 - 8/7,253.2,257.6,197.2
0,2009.0,http://www.ttnews.com/fuel/comdata2009.htm,8/10 - 8/14,259.1,263.4,198.2
0,2009.0,http://www.ttnews.com/fuel/comdata2009.htm,8/17 - 8/21,260.5,263.6,195.4
0,2009.0,http://www.ttnews.com/fuel/comdata2009.htm,8/24 - 8/28,261.4,264.6,196.1
0,2009.0,http://www.ttnews.com/fuel/comdata2009.htm,8/31 - 9/4,260.0,263.1,184.9
0,2009.0,http://www.ttnews.com/fuel/comdata2009.htm,9/7 - 9/11,257.8,261.0,185.4
0,2009.0,http://www.ttnews.com/fuel/comdata2009.htm,9/14 - 9/18,256.1,259.3,187.1
0,2009.0,http://www.ttnews.com/fuel/comdata2009.htm,9/21 - 9/25,255.0,257.9,184.4
0,2009.0,http://www.ttnews.com/fuel/comdata2009.htm,9/28 - 10/2,252.0,254.8,183.6
0,2009.0,http://www.ttnews.com/fuel/comdata2009.htm,10/5 - 10/9,252.1,254.6,187.1
0,2009.0,http://www.ttnews.com/fuel/comdata2009.htm,10/12 - 10/16,257.5,260.6,199.6
0,2009.0,http://www.ttnews.com/fuel/comdata2009.htm,10/19 - 10/23,269.9,274.2,212.5
0,2009.0,http://www.ttnews.com/fuel/comdata2009.htm,10/26 - 10/30,275.1,278.4,209.7
0,2009.0,http://www.ttnews.com/fuel/comdata2009.htm,11/2 - 11/6,274.7,278.0,208.4
0,2009.0,http://www.ttnews.com/fuel/comdata2009.htm,11/9 - 11/13,273.6,277.0,206.9
0,2009.0,http://www.ttnews.com/fuel/comdata2009.htm,11/16 - 11/20,272.9,276.2,208.2
0,2009.0,http://www.ttnews.com/fuel/comdata2009.htm,11/23 - 11/27,271.6,275.2,203.4
0,2009.0,http://www.ttnews.com/fuel/comdata2009.htm,11/30 - 12/4,271.2,274.7,206.9
0,2009.0,http://www.ttnews.com/fuel/comdata2009.htm,12/7 - 12/11,270.1,273.3,199.4
0,2009.0,http://www.ttnews.com/fuel/comdata2009.htm,12/14 - 12/18,267.2,270.0,197.2
0,2009.0,http://www.ttnews.com/fuel/comdata2009.htm,12/21 - 12/25,266.7,269.2,199.4
0,2008.0,http://www.ttnews.com/fuel/comdata2008.htm,12/29 - 1/2/09,226.2,229.6,142.0
0,2008.0,http://www.ttnews.com/fuel/comdata2008.htm,1/7/08 - 1/11/08,330.6,333.4,263.0
0,2008.0,http://www.ttnews.com/fuel/comdata2008.htm,1/14 - 1/18,330.6,327.3,259.0
0,2008.0,http://www.ttnews.com/fuel/comdata2008.htm,1/21 - 1/25,321.1,323.8,254.8
0,2008.0,http://www.ttnews.com/fuel/comdata2008.htm,1/28 - 2/1,321.8,325.9,263.0
0,2008.0,http://www.ttnews.com/fuel/comdata2008.htm,2/4 - 2/8,321.6,324.7,258.3
0,2008.0,http://www.ttnews.com/fuel/comdata2008.htm,2/11 - 2/15,327.2,332.7,276.9
0,2008.0,http://www.ttnews.com/fuel/comdata2008.htm,2/18 - 2/22,340.6,347.9,292.3
0,2008.0,http://www.ttnews.com/fuel/comdata2008.htm,2/25 - 2/29,354.0,359.6,297.8
0,2008.0,http://www.ttnews.com/fuel/comdata2008.htm,3/3 - 3/7,363.6,370.3,312.3
0,2008.0,http://www.ttnews.com/fuel/comdata2008.htm,3/10 - 3/14,382.8,388.7,329.2
0,2008.0,http://www.ttnews.com/fuel/comdata2008.htm,3/17 - 3/21,392.6,397.0,323.7
0,2008.0,http://www.ttnews.com/fuel/comdata2008.htm,3/24 - 3/28,390.0,394.5,316.6
0,2008.0,http://www.ttnews.com/fuel/comdata2008.htm,3/31 - 4/4,389.2,394.4,321.0
0,2008.0,http://www.ttnews.com/fuel/comdata2008.htm,4/7 - 4/11,392.4,399.2,340.3
0,2008.0,http://www.ttnews.com/fuel/comdata2008.htm,4/14 - 4/18,402.3,409.2,346.9
0,2008.0,http://www.ttnews.com/fuel/comdata2008.htm,4/21 - 4/25,408.7,415.0,347.2
0,2008.0,http://www.ttnews.com/fuel/comdata2008.htm,4/28 - 5/2,410.0,415.1,340.3
0,2008.0,http://www.ttnews.com/fuel/comdata2008.htm,5/5 - 5/9,412.5,418.2,358.4
0,2008.0,http://www.ttnews.com/fuel/comdata2008.htm,5/12 - 5/16,433.3,441.7,379.0
0,2008.0,http://www.ttnews.com/fuel/comdata2008.htm,5/19 - 5/23,449.4,455.8,395.2
0,2008.0,http://www.ttnews.com/fuel/comdata2008.htm,5/26 - 5/30,464.0,470.0,394.2
0,2008.0,http://www.ttnews.com/fuel/comdata2008.htm,6/2 - 6/6,458.8,463.5,375.6
0,2008.0,http://www.ttnews.com/fuel/comdata2008.htm,6/9 - 6/13,461.6,467.9,398.7
0,2008.0,http://www.ttnews.com/fuel/comdata2008.htm,6/16 - 6/20,459.6,465.1,389.3
0,2008.0,http://www.ttnews.com/fuel/comdata2008.htm,6/23 - 6/27,456.5,461.9,389.4
0,2008.0,http://www.ttnews.com/fuel/comdata2008.htm,6/30 - 7/4,457.8,464.1,401.3
0,2008.0,http://www.ttnews.com/fuel/comdata2008.htm,7/7 - 7/11,465.3,472.1,399.8
0,2008.0,http://www.ttnews.com/fuel/comdata2008.htm,7/14 - 7/18,467.7,475.2,399.5
0,2008.0,http://www.ttnews.com/fuel/comdata2008.htm,7/21 - 7/25,458.0,463.4,375.0
0,2008.0,http://www.ttnews.com/fuel/comdata2008.htm,7/28 - 8/1,447.3,452.2,362.0
0,2008.0,http://www.ttnews.com/fuel/comdata2008.htm,8/4 - 8/8,435.9,439.8,340.6
0,2008.0,http://www.ttnews.com/fuel/comdata2008.htm,8/11 - 8/15,420.5,424.3,325.6
0,2008.0,http://www.ttnews.com/fuel/comdata2008.htm,8/18 - 8/22,409.5,413.6,332.0
0,2008.0,http://www.ttnews.com/fuel/comdata2008.htm,8/25 - 8/29,406.2,409.8,337.9
0,2008.0,http://www.ttnews.com/fuel/comdata2008.htm,9/1 - 9/5,403.7,407.2,328.0
0,2008.0,http://www.ttnews.com/fuel/comdata2008.htm,9/8 - 9/12,396.0,398.7,317.8
0,2008.0,http://www.ttnews.com/fuel/comdata2008.htm,9/15 - 9/19,392.7,396.8,308.6
0,2008.0,http://www.ttnews.com/fuel/comdata2008.htm,9/22 - 9/26,389.6,393.9,327.3
0,2008.0,http://www.ttnews.com/fuel/comdata2008.htm,9/29 - 10/3,387.2,391.1,311.9
0,2008.0,http://www.ttnews.com/fuel/comdata2008.htm,10/6 - 10/10,372.6,375.5,277.1
0,2008.0,http://www.ttnews.com/fuel/comdata2008.htm,10/13 - 10/17,353.0,356.4,258.9
0,2008.0,http://www.ttnews.com/fuel/comdata2008.htm,10/20 - 10/24,334.6,342.7,238.8
0,2008.0,http://www.ttnews.com/fuel/comdata2008.htm,10/27 - 10/31,313.4,328.8,220.3
0,2008.0,http://www.ttnews.com/fuel/comdata2008.htm,11/3 - 11/7,297.5,315.8,223.5
0,2008.0,http://www.ttnews.com/fuel/comdata2008.htm,11/10 - 11/14,283.9,301.1,207.4
0,2008.0,http://www.ttnews.com/fuel/comdata2008.htm,11/17 - 11/21,269.8,275.5,185.6
0,2008.0,http://www.ttnews.com/fuel/comdata2008.htm,11/24 - 11/28,259.3,262.9,183.2
0,2008.0,http://www.ttnews.com/fuel/comdata2008.htm,12/1 - 12/5,253.4,255.8,163.8
0,2008.0,http://www.ttnews.com/fuel/comdata2008.htm,12/8 - 12/12,242.2,244.7,146.2
0,2008.0,http://www.ttnews.com/fuel/comdata2008.htm,12/15 - 12/19,235.8,239.0,148.3
0,2008.0,http://www.ttnews.com/fuel/comdata2008.htm,12/22 - 12/26,231.5,234.8,136.9
0,2007.0,http://www.ttnews.com/fuel/comdata2007.htm,12/31/07 - 1/4/08,330.2,334.2,272.5
0,2007.0,http://www.ttnews.com/fuel/comdata2007.htm,1/1 - 1/5,252.5,253.7,182.5
0,2007.0,http://www.ttnews.com/fuel/comdata2007.htm,1/8 - 1/12,246.1,246.9,171.9
0,2007.0,http://www.ttnews.com/fuel/comdata2007.htm,1/15 - 1/19,239.7,241.4,165.5
0,2007.0,http://www.ttnews.com/fuel/comdata2007.htm,1/22 - 1/26,236.6,238.5,170.8
0,2007.0,http://www.ttnews.com/fuel/comdata2007.htm,1/29 - 2/2,236.8,239.2,177.8
0,2007.0,http://www.ttnews.com/fuel/comdata2007.htm,2/5 - 2/9,239.8,242.5,183.6
0,2007.0,http://www.ttnews.com/fuel/comdata2007.htm,2/12 - 2/16,242.6,245.3,183.0
0,2007.0,http://www.ttnews.com/fuel/comdata2007.htm,2/19 - 2/23,246.5,248.4,190.5
0,2007.0,http://www.ttnews.com/fuel/comdata2007.htm,2/26 - 3/2,254.6,257.5,201.3
0,2007.0,http://www.ttnews.com/fuel/comdata2007.htm,3/5 - 3/9,260.3,263.5,206.8
0,2007.0,http://www.ttnews.com/fuel/comdata2007.htm,3/12 - 3/16,264.7,267.2,204.7
0,2007.0,http://www.ttnews.com/fuel/comdata2007.htm,3/19 - 3/23,263.8,265.9,201.5
0,2007.0,http://www.ttnews.com/fuel/comdata2007.htm,3/26 - 3/30,269.1,273.2,219.5
0,2007.0,http://www.ttnews.com/fuel/comdata2007.htm,4/2 - 4/6,279.3,282.4,225.4
0,2007.0,http://www.ttnews.com/fuel/comdata2007.htm,4/9 - 4/13,282.5,285.0,226.6
0,2007.0,http://www.ttnews.com/fuel/comdata2007.htm,4/16 - 4/20,283.4,286.0,214.7
0,2007.0,http://www.ttnews.com/fuel/comdata2007.htm,4/23 - 4/27,279.6,280.9,214.7
0,2007.0,http://www.ttnews.com/fuel/comdata2007.htm,4/30 - 5/4,277.7,278.8,214.5
0,2007.0,http://www.ttnews.com/fuel/comdata2007.htm,5/7 - 5/11,274.5,275.4,211.7
0,2007.0,http://www.ttnews.com/fuel/comdata2007.htm,5/14 - 5/18,275.0,277.1,217.8
0,2007.0,http://www.ttnews.com/fuel/comdata2007.htm,5/21 - 5/25,277.2,279.5,220.1
0,2007.0,http://www.ttnews.com/fuel/comdata2007.htm,5/28 - 6/1,276.6,279.3,216.6
0,2007.0,http://www.ttnews.com/fuel/comdata2007.htm,6/4 - 6/8,275.3,277.9,218.3
0,2007.0,http://www.ttnews.com/fuel/comdata2007.htm,6/11 - 6/15,274.0,276.0,216.6
0,2007.0,http://www.ttnews.com/fuel/comdata2007.htm,6/18 - 6/22,277.5,281.3,223.4
0,2007.0,http://www.ttnews.com/fuel/comdata2007.htm,6/25 - 6/29,278.6,281.4,221.3
0,2007.0,http://www.ttnews.com/fuel/comdata2007.htm,7/2 - 7/6,278.5,281.5,226.2
0,2007.0,http://www.ttnews.com/fuel/comdata2007.htm,7/9 - 7/13,282.4,286.3,230.2
0,2007.0,http://www.ttnews.com/fuel/comdata2007.htm,7/16 - 7/20,283.4,286.3,225.4
0,2007.0,http://www.ttnews.com/fuel/comdata2007.htm,7/23 - 7/27,283.9,286.9,223.2
0,2007.0,http://www.ttnews.com/fuel/comdata2007.htm,7/30 - 8/3,284.3,287.8,229.4
0,2007.0,http://www.ttnews.com/fuel/comdata2007.htm,8/6 - 8/10,282.4,284.1,218.5
0,2007.0,http://www.ttnews.com/fuel/comdata2007.htm,8/13 - 8/17,280.1,283.0,227.1
0,2007.0,http://www.ttnews.com/fuel/comdata2007.htm,8/20 - 8/25,281.9,285.1,222.0
0,2007.0,http://www.ttnews.com/fuel/comdata2007.htm,8/27 - 8/31,282.4,286.3,227.4
0,2007.0,http://www.ttnews.com/fuel/comdata2007.htm,9/3 - 9/7,285.4,289.9,230.2
0,2007.0,http://www.ttnews.com/fuel/comdata2007.htm,9/10 - 9/14,288.5,293.3,236.9
0,2007.0,http://www.ttnews.com/fuel/comdata2007.htm,9/17 - 9/21,294.0,299.7,243.7
0,2007.0,http://www.ttnews.com/fuel/comdata2007.htm,9/24 - 9/28,299.1,304.0,242.4
0,2007.0,http://www.ttnews.com/fuel/comdata2007.htm,10/1 - 10/5,298.6,302.6,237.9
0,2007.0,http://www.ttnews.com/fuel/comdata2007.htm,10/8 - 10/12,297.9,301.6,238.9
0,2007.0,http://www.ttnews.com/fuel/comdata2007.htm,10/15 - 10/19,300.7,304.8,249.5
0,2007.0,http://www.ttnews.com/fuel/comdata2007.htm,10/22 - 10/26,304.7,308.5,250.6
0,2007.0,http://www.ttnews.com/fuel/comdata2007.htm,10/29 - 11/2,314.7,319.5,265.4
0,2007.0,http://www.ttnews.com/fuel/comdata2007.htm,11/5 - 11/9,328.7,334.7,277.2
0,2007.0,http://www.ttnews.com/fuel/comdata2007.htm,11/12 - 11/16,334.5,338.3,272.8
0,2007.0,http://www.ttnews.com/fuel/comdata2007.htm,11/19 - 11/23,334.6,339.8,280.6
0,2007.0,http://www.ttnews.com/fuel/comdata2007.htm,11/26 - 11/30,337.7,342.3,276.2
0,2007.0,http://www.ttnews.com/fuel/comdata2007.htm,12/3 - 12/7,330.8,333.9,261.3
0,2007.0,http://www.ttnews.com/fuel/comdata2007.htm,12/10 - 12/14,325.1,327.0,262.1
0,2007.0,http://www.ttnews.com/fuel/comdata2007.htm,12/17 - 12/21,325.1,328.1,263.3
0,2007.0,http://www.ttnews.com/fuel/comdata2007.htm,12/24 - 12/28,327.5,330.4,269.7
0,2006.0,http://www.ttnews.com/fuel/comdata2006.htm,12/25 - 12/29,255.1,256.0,187.7
0,2006.0,http://www.ttnews.com/fuel/comdata2006.htm,1/2 - 1/6,242.7,245.5,186.9
0,2006.0,http://www.ttnews.com/fuel/comdata2006.htm,1/9 - 1/13,243.5,245.9,178.9
0,2006.0,http://www.ttnews.com/fuel/comdata2006.htm,1/16 - 1/20,241.5,243.6,181.8
0,2006.0,http://www.ttnews.com/fuel/comdata2006.htm,1/23 - 1/27,244.4,247.6,187.6
0,2006.0,http://www.ttnews.com/fuel/comdata2006.htm,1/30 - 2/3,245.4,249.1,189.4
0,2006.0,http://www.ttnews.com/fuel/comdata2006.htm,2/6 - 2/10,244.7,247.6,182.2
0,2006.0,http://www.ttnews.com/fuel/comdata2006.htm,2/13 - 2/17,241.9,244.8,179.5
0,2006.0,http://www.ttnews.com/fuel/comdata2006.htm,2/20 - 2/24,241.7,244.9,184.7
0,2006.0,http://www.ttnews.com/fuel/comdata2006.htm,2/27 - 3/3,244.5,247.9,191.3
0,2006.0,http://www.ttnews.com/fuel/comdata2006.htm,3/6 - 3/10,251.1,255.0,191.9
0,2006.0,http://www.ttnews.com/fuel/comdata2006.htm,3/13 - 3/17,252.2,256.0,196.8
0,2006.0,http://www.ttnews.com/fuel/comdata2006.htm,3/20 - 3/24,253.3,256.0,190.9
0,2006.0,http://www.ttnews.com/fuel/comdata2006.htm,3/27 - 4/3,254.6,258.1,200.1
0,2006.0,http://www.ttnews.com/fuel/comdata2006.htm,4/3 - 4/7,259.4,263.4,204.3
0,2006.0,http://www.ttnews.com/fuel/comdata2006.htm,4/10 - 4/14,266.8,271.7,215.7
0,2006.0,http://www.ttnews.com/fuel/comdata2006.htm,4/17 - 4/21,277.8,282.7,227.6
0,2006.0,http://www.ttnews.com/fuel/comdata2006.htm,4/24 - 4/28,284.3,288.9,227.7
0,2006.0,http://www.ttnews.com/fuel/comdata2006.htm,5/1 - 5/5,284.8,289.6,225.3
0,2006.0,http://www.ttnews.com/fuel/comdata2006.htm,5/8 - 5/12,283.9,289.0,228.2
0,2006.0,http://www.ttnews.com/fuel/comdata2006.htm,5/15 - 5/19,284.5,289.3,218.4
0,2006.0,http://www.ttnews.com/fuel/comdata2006.htm,5/22 - 5/26,282.3,287.0,221.7
0,2006.0,http://www.ttnews.com/fuel/comdata2006.htm,5/29 - 6/2,281.9,287.0,224.6
0,2006.0,http://www.ttnews.com/fuel/comdata2006.htm,6/5 - 6/9,284.9,289.5,230.6
0,2006.0,http://www.ttnews.com/fuel/comdata2006.htm,6/12 - 6/16,286.6,291.5,226.6
0,2006.0,http://www.ttnews.com/fuel/comdata2006.htm,6/19 - 6/23,283.5,287.1,216.8
0,2006.0,http://www.ttnews.com/fuel/comdata2006.htm,6/26 - 6/30,283.1,287.2,227.2
0,2006.0,http://www.ttnews.com/fuel/comdata2006.htm,7/3 - 7/7,286.8,291.4,233.5
0,2006.0,http://www.ttnews.com/fuel/comdata2006.htm,7/10 - 7/14,286.9,290.9,228.5
0,2006.0,http://www.ttnews.com/fuel/comdata2006.htm,7/17 - 7/21,289.4,294.0,235.2
0,2006.0,http://www.ttnews.com/fuel/comdata2006.htm,7/24 - 7/28,292.0,296.2,240.0
0,2006.0,http://www.ttnews.com/fuel/comdata2006.htm,7/31 - 8/4,296.2,301.4,248.2
0,2006.0,http://www.ttnews.com/fuel/comdata2006.htm,8/7 - 8/11,301.8,307.3,248.5
0,2006.0,http://www.ttnews.com/fuel/comdata2006.htm,8/14 - 8/18,300.1,304.1,242.4
0,2006.0,http://www.ttnews.com/fuel/comdata2006.htm,8/21 - 8/25,297.9,302.1,243.6
0,2006.0,http://www.ttnews.com/fuel/comdata2006.htm,8/28 - 9/1,294.5,298.6,229.5
0,2006.0,http://www.ttnews.com/fuel/comdata2006.htm,9/4 - 9/8,286.7,289.7,214.7
0,2006.0,http://www.ttnews.com/fuel/comdata2006.htm,9/11 - 9/15,273.3,275.5,187.3
0,2006.0,http://www.ttnews.com/fuel/comdata2006.htm,9/18 - 9/22,260.5,262.3,180.4
0,2006.0,http://www.ttnews.com/fuel/comdata2006.htm,9/25 - 9/29,251.3,252.6,184.7
0,2006.0,http://www.ttnews.com/fuel/comdata2006.htm,10/2 - 10/6,248.0,249.5,181.5
0,2006.0,http://www.ttnews.com/fuel/comdata2006.htm,10/9 - 10/13,246.4,248.0,185.6
0,2006.0,http://www.ttnews.com/fuel/comdata2006.htm,10/16 - 10/20,247.6,250.7,191.0
0,2006.0,http://www.ttnews.com/fuel/comdata2006.htm,10/23 - 10/27,247.7,250.2,187.0
0,2006.0,http://www.ttnews.com/fuel/comdata2006.htm,10/30 - 11/3,246.9,249.0,182.5
0,2006.0,http://www.ttnews.com/fuel/comdata2006.htm,11/6 - 11/10,248.3,251.2,195.2
0,2006.0,http://www.ttnews.com/fuel/comdata2006.htm,11/13 - 11/17,250.6,253.1,190.5
0,2006.0,http://www.ttnews.com/fuel/comdata2006.htm,11/20 - 11/24,251.2,254.3,196.4
0,2006.0,http://www.ttnews.com/fuel/comdata2006.htm,11/27 - 12/1,253.3,256.2,198.0
0,2006.0,http://www.ttnews.com/fuel/comdata2006.htm,12/4 - 12/8,257.0,259.3,195.3
0,2006.0,http://www.ttnews.com/fuel/comdata2006.htm,12/11 - 12/15,255.6,257.6,191.4
0,2006.0,http://www.ttnews.com/fuel/comdata2006.htm,12/18 - 12/22,255.9,257.6,191.4
0,2005.0,http://www.ttnews.com/fuel/comdataopis2005.asp,6/27-7/1,230.7,233.9,172.2
0,2005.0,http://www.ttnews.com/fuel/comdataopis2005.asp,1/3-1/7/2005,190.7,193.4,124.9
0,2005.0,http://www.ttnews.com/fuel/comdataopis2005.asp,1/10-1/14,190.6,192.8,132.3
0,2005.0,http://www.ttnews.com/fuel/comdataopis2005.asp,1/17-1/21,193.0,195.3,136.7
0,2005.0,http://www.ttnews.com/fuel/comdataopis2005.asp,1/24-1/28,195.2,197.4,141.1
0,2005.0,http://www.ttnews.com/fuel/comdataopis2005.asp,1/31-2/4,196.4,198.9,136.6
0,2005.0,http://www.ttnews.com/fuel/comdataopis2005.asp,2/7-2/11,194.6,197.0,134.4
0,2005.0,http://www.ttnews.com/fuel/comdataopis2005.asp,2/14-2/18,195.4,197.9,140.2
0,2005.0,http://www.ttnews.com/fuel/comdataopis2005.asp,2/21-2/25,201.8,203.3,150.9
0,2005.0,http://www.ttnews.com/fuel/comdataopis2005.asp,2/28-3/4,210.0,212.5,157.3
0,2005.0,http://www.ttnews.com/fuel/comdataopis2005.asp,3/7-3/11,213.8,216.6,158.7
0,2005.0,http://www.ttnews.com/fuel/comdataopis2005.asp,3/14-3/18,217.4,219.7,164.0
0,2005.0,http://www.ttnews.com/fuel/comdataopis2005.asp,3/21-3/25,221.4,224.4,165.2
0,2005.0,http://www.ttnews.com/fuel/comdataopis2005.asp,3/28-4/1,222.1,224.7,167.2
0,2005.0,http://www.ttnews.com/fuel/comdataopis2005.asp,4/4-4/8,229.4,232.5,173.4
0,2005.0,http://www.ttnews.com/fuel/comdataopis2005.asp,4/11-4/15,225.0,228.4,162.2
0,2005.0,http://www.ttnews.com/fuel/comdataopis2005.asp,4/18-4/22,222.4,225.1,165.5
0,2005.0,http://www.ttnews.com/fuel/comdataopis2005.asp,4/25-4/29,224.4,227.6,166.7
0,2005.0,http://www.ttnews.com/fuel/comdataopis2005.asp,5/2-5/6,220.1,223.5,159.4
0,2005.0,http://www.ttnews.com/fuel/comdataopis2005.asp,5/9-5/13,217.0,220.7,156.4
0,2005.0,http://www.ttnews.com/fuel/comdataopis2005.asp,5/16-5/20,213.3,216.7,151.4
0,2005.0,http://www.ttnews.com/fuel/comdataopis2005.asp,5/23-5/27,211.5,214.0,153.0
0,2005.0,http://www.ttnews.com/fuel/comdataopis2005.asp,5/30-6/3,213.7,216.4,161.2
0,2005.0,http://www.ttnews.com/fuel/comdataopis2005.asp,6/6-6/10,222.7,225.7,170.0
0,2005.0,http://www.ttnews.com/fuel/comdataopis2005.asp,6/13-6/17,226.4,229.4,172.4
0,2005.0,http://www.ttnews.com/fuel/comdataopis2005.asp,6/20-6/24,229.2,232.5,174.2
0,2004.0,http://www.ttnews.com/fuel/comdata2004.asp,12/27-12/31,194.0,196.4,126.4
0,2004.0,http://www.ttnews.com/fuel/comdata2004.asp,12/29/2003-1/2/2004,148.1,149.7,93.1
0,2004.0,http://www.ttnews.com/fuel/comdata2004.asp,1/5-1/9,149.7,151.6,97.0
0,2004.0,http://www.ttnews.com/fuel/comdata2004.asp,1/12-1/16,153.8,155.9,98.9
0,2004.0,http://www.ttnews.com/fuel/comdata2004.asp,1/19-1/23,155.0,156.7,101.8
0,2004.0,http://www.ttnews.com/fuel/comdata2004.asp,1/26-1/30,157.1,159.3,100.2
0,2004.0,http://www.ttnews.com/fuel/comdata2004.asp,2/2-2/6,155.5,157.9,96.2
0,2004.0,http://www.ttnews.com/fuel/comdata2004.asp,2/9-2/13,154.3,156.2,96.5
0,2004.0,http://www.ttnews.com/fuel/comdata2004.asp,2/16-2/20,156.3,158.3,101.9
0,2004.0,http://www.ttnews.com/fuel/comdata2004.asp,2/23-2/27,157.0,158.8,101.3
0,2004.0,http://www.ttnews.com/fuel/comdata2004.asp,3/1-3/5,159.9,162.0,105.5
0,2004.0,http://www.ttnews.com/fuel/comdata2004.asp,3/8-3/12,159.4,161.8,101.9
0,2004.0,http://www.ttnews.com/fuel/comdata2004.asp,3/15-3/19,159.6,161.5,104.8
0,2004.0,http://www.ttnews.com/fuel/comdata2004.asp,3/22-3/26,161.1,163.3,106.4
0,2004.0,http://www.ttnews.com/fuel/comdata2004.asp,3/29-4/2,161.5,164.0,106.0
0,2004.0,http://www.ttnews.com/fuel/comdata2004.asp,4/5-4/9,162.3,164.2,107.1
0,2004.0,http://www.ttnews.com/fuel/comdata2004.asp,4/12-4/16,161.1,167.9,114.2
0,2004.0,http://www.ttnews.com/fuel/comdata2004.asp,4/19-4/23,168.2,170.8,112.3
0,2004.0,http://www.ttnews.com/fuel/comdata2004.asp,4/26-4/30,167.2,169.8,109.9
0,2004.0,http://www.ttnews.com/fuel/comdata2004.asp,5/3-5/7,167.9,170.3,113.7
0,2004.0,http://www.ttnews.com/fuel/comdata2004.asp,5/10-5/14,170.7,172.9,116.6
0,2004.0,http://www.ttnews.com/fuel/comdata2004.asp,5/17-5/21,171.8,174.3,116.3
0,2004.0,http://www.ttnews.com/fuel/comdata2004.asp,5/24-5/28,171.3,174.0,116.3
0,2004.0,http://www.ttnews.com/fuel/comdata2004.asp,5/31-6/4,170.0,172.7,111.0
0,2004.0,http://www.ttnews.com/fuel/comdata2004.asp,6/7-6/11,168.2,170.6,111.0
0,2004.0,http://www.ttnews.com/fuel/comdata2004.asp,6/14-6/18,166.6,169.7,107.2
0,2004.0,http://www.ttnews.com/fuel/comdata2004.asp,6/21-6/25,166.1,168.3,109.7
0,2004.0,http://www.ttnews.com/fuel/comdata2004.asp,6/28-7/2,166.3,168.3,109.9
0,2004.0,http://www.ttnews.com/fuel/comdata2004.asp,7/5-7/9,168.5,170.7,115.9
0,2004.0,http://www.ttnews.com/fuel/comdata2004.asp,7/12-7/16,170.6,172.7,115.6
0,2004.0,http://www.ttnews.com/fuel/comdata2004.asp,7/19-7/23,171.2,173.3,116.8
0,2004.0,http://www.ttnews.com/fuel/comdata2004.asp,7/26-7/30,173.2,175.1,116.8
0,2004.0,http://www.ttnews.com/fuel/comdata2004.asp,8/2-8/6,176.6,178.6,124.4
0,2004.0,http://www.ttnews.com/fuel/comdata2004.asp,8/9-8/13,178.4,180.8,124.8
0,2004.0,http://www.ttnews.com/fuel/comdata2004.asp,8/16-8/20,181.4,183.6,129.9
0,2004.0,http://www.ttnews.com/fuel/comdata2004.asp,8/23-8/27,184.5,186.9,127.8
0,2004.0,http://www.ttnews.com/fuel/comdata2004.asp,8/30-9/3,182.8,185.4,125.8
0,2004.0,http://www.ttnews.com/fuel/comdata2004.asp,9/6-9/10,183.3,185.7,129.0
0,2004.0,http://www.ttnews.com/fuel/comdata2004.asp,9/13-9/17,185.1,185.7,129.0
0,2004.0,http://www.ttnews.com/fuel/comdata2004.asp,9/20-9/24,192.1,193.7,141.9
0,2004.0,http://www.ttnews.com/fuel/comdata2004.asp,9/27-10/1,199.6,202.3,147.8
0,2004.0,http://www.ttnews.com/fuel/comdata2004.asp,10/4-10/8,203.3,205.9,150.4
0,2004.0,http://www.ttnews.com/fuel/comdata2004.asp,10/11-10/15,208.5,210.4,157.0
0,2004.0,http://www.ttnews.com/fuel/comdata2004.asp,10/18-10/22,215.6,218.3,161.9
0,2004.0,http://www.ttnews.com/fuel/comdata2004.asp,10/25-10/29,217.8,221.0,160.1
0,2004.0,http://www.ttnews.com/fuel/comdata2004.asp,11/1-11/5,214.5,217.8,147.4
0,2004.0,http://www.ttnews.com/fuel/comdata2004.asp,11/8-11/12,210.1,231.5,142.9
0,2004.0,http://www.ttnews.com/fuel/comdata2004.asp,11/15-11/19,207.3,210.2,142.1
0,2004.0,http://www.ttnews.com/fuel/comdata2004.asp,11/22-11/26,207.3,210.5,148.8
0,2004.0,http://www.ttnews.com/fuel/comdata2004.asp,11/29-12/3,206.0,209.4,140.0
0,2004.0,http://www.ttnews.com/fuel/comdata2004.asp,12/6-12/10,198.5,202.0,123.3
0,2004.0,http://www.ttnews.com/fuel/comdata2004.asp,12/13-12/17,194.7,197.1,130.6
0,2004.0,http://www.ttnews.com/fuel/comdata2004.asp,12/20-12/24,196.0,198.4,137.3
0,2003.0,http://www.ttnews.com/fuel/comdata2003.asp,12/22-12/26,148.1,149.6,92.1
0,2003.0,http://www.ttnews.com/fuel/comdata2003.asp,12/30/2002-1/04/2003,147.5,149.2,92.4
0,2003.0,http://www.ttnews.com/fuel/comdata2003.asp,1/06-1/11,146.8,149.2,89.3
0,2003.0,http://www.ttnews.com/fuel/comdata2003.asp,1/13-1/18,145.7,147.7,89.8
0,2003.0,http://www.ttnews.com/fuel/comdata2003.asp,1/20-1/25,146.0,148.1,91.5
0,2003.0,http://www.ttnews.com/fuel/comdata2003.asp,1/27-2/01,149.2,151.0,97.5
0,2003.0,http://www.ttnews.com/fuel/comdata2003.asp,2/03-2/08,155.6,156.9,104.4
0,2003.0,http://www.ttnews.com/fuel/comdata2003.asp,2/10-2/15,167.5,169.9,114.2
0,2003.0,http://www.ttnews.com/fuel/comdata2003.asp,2/17-2/22,168.2,170.7,114.4
0,2003.0,http://www.ttnews.com/fuel/comdata2003.asp,2/24-3/1,1.705,172.7,119.1
0,2003.0,http://www.ttnews.com/fuel/comdata2003.asp,3/3-3/8,173.8,176.4,119.9
0,2003.0,http://www.ttnews.com/fuel/comdata2003.asp,3/10-3/15,174.1,176.9,117.4
0,2003.0,http://www.ttnews.com/fuel/comdata2003.asp,3/17-3/22,168.4,171.7,101.4
0,2003.0,http://www.ttnews.com/fuel/comdata2003.asp,3/24-3/29,159.6,162.4,91.3
0,2003.0,http://www.ttnews.com/fuel/comdata2003.asp,3/31-4/5,155.2,158.8,93.2
0,2003.0,http://www.ttnews.com/fuel/comdata2003.asp,4/7-4/12,151.6,153.7,91.7
0,2003.0,http://www.ttnews.com/fuel/comdata2003.asp,4/14-4/19,151.2,152.7,93.6
0,2003.0,http://www.ttnews.com/fuel/comdata2003.asp,4/21-4/26,149.5,151.6,91.7
0,2003.0,http://www.ttnews.com/fuel/comdata2003.asp,4/28-5/3,144.5,147.8,82.9
0,2003.0,http://www.ttnews.com/fuel/comdata2003.asp,5/5-5/10,141.9,144.0,81.3
0,2003.0,http://www.ttnews.com/fuel/comdata2003.asp,5/12-5/17,140.5,142.6,83.5
0,2003.0,http://www.ttnews.com/fuel/comdata2003.asp,5/19-5/24,140.3,142.4,82.4
0,2003.0,http://www.ttnews.com/fuel/comdata2003.asp,5/26-5/31,139.0,141.2,80.6
0,2003.0,http://www.ttnews.com/fuel/comdata2003.asp,6/2-6/7,139.0,140.8,82.3
0,2003.0,http://www.ttnews.com/fuel/comdata2003.asp,6/9-6/14,139.5,141.4,84.5
0,2003.0,http://www.ttnews.com/fuel/comdata2003.asp,6/16-6/21,139.3,141.7,81.4
0,2003.0,http://www.ttnews.com/fuel/comdata2003.asp,6/23-6/28,138.9,140.8,82.1
0,2003.0,http://www.ttnews.com/fuel/comdata2003.asp,6/30-7/5,139.0,140.9,84.1
0,2003.0,http://www.ttnews.com/fuel/comdata2003.asp,7/7-7/12,139.7,141.7,84.6
0,2003.0,http://www.ttnews.com/fuel/comdata2003.asp,7/14-7/19,140.7,142.8,85.4
0,2003.0,http://www.ttnews.com/fuel/comdata2003.asp,7/21-7/26,140.9,142.7,84.0
0,2003.0,http://www.ttnews.com/fuel/comdata2003.asp,7/28-8/2,140.9,142.8,85.9
0,2003.0,http://www.ttnews.com/fuel/comdata2003.asp,8/4-8/9,144.5,146.2,91.7
0,2003.0,http://www.ttnews.com/fuel/comdata2003.asp,8/11-8/16,146.3,148.2,90.2
0,2003.0,http://www.ttnews.com/fuel/comdata2003.asp,8/18-8/23,146.5,148.5,89.4
0,2003.0,http://www.ttnews.com/fuel/comdata2003.asp,8/25-8/30,147.1,149.1,90.7
0,2003.0,http://www.ttnews.com/fuel/comdata2003.asp,9/1-9/6,146.2,148.3,87.2
0,2003.0,http://www.ttnews.com/fuel/comdata2003.asp,9/8-9/13,144.3,146.5,83.8
0,2003.0,http://www.ttnews.com/fuel/comdata2003.asp,9/15-9/20,142.5,144.7,80.2
0,2003.0,http://www.ttnews.com/fuel/comdata2003.asp,9/22-9/27,139.9,142.0,79.0
0,2003.0,http://www.ttnews.com/fuel/comdata2003.asp,9/29-10/4,139.9,141.7,84.6
0,2003.0,http://www.ttnews.com/fuel/comdata2003.asp,10/6-10/10,142.8,144.5,89.8
0,2003.0,http://www.ttnews.com/fuel/comdata2003.asp,10/13-10/17,146.9,148.8,94.6
0,2003.0,http://www.ttnews.com/fuel/comdata2003.asp,10/20-10/24,0.0,149.4,90.1
0,2003.0,http://www.ttnews.com/fuel/comdata2003.asp,10/27-10/31,145.8,148.3,87.4
0,2003.0,http://www.ttnews.com/fuel/comdata2003.asp,11/3-11/7,144.5,146.7,86.1
0,2003.0,http://www.ttnews.com/fuel/comdata2003.asp,11/10-11/14,144.5,146.5,89.4
0,2003.0,http://www.ttnews.com/fuel/comdata2003.asp,11/17-11/21,144.7,147.7,91.6
0,2003.0,http://www.ttnews.com/fuel/comdata2003.asp,11/24-11/28,145.3,147.7,87.7
0,2003.0,http://www.ttnews.com/fuel/comdata2003.asp,12/1-12/5,144.6,146.7,88.8
0,2003.0,http://www.ttnews.com/fuel/comdata2003.asp,12/8-12/12,145.4,147.3,90.4
0,2003.0,http://www.ttnews.com/fuel/comdata2003.asp,12/15-12/19,146.3,148.2,93.3
0,2002.0,http://www.ttnews.com/fuel/comdataopis2002.htm,12/23-12/27,144.1,144.9,92.5
0,2002.0,http://www.ttnews.com/fuel/comdataopis2002.htm,12/31/2001-1/05/2002,113.3,115.4,57.6
0,2002.0,http://www.ttnews.com/fuel/comdataopis2002.htm,1/07-1/12,113.8,115.4,57.3
0,2002.0,http://www.ttnews.com/fuel/comdataopis2002.htm,1/14-1/19,112.6,114.1,53.9
0,2002.0,http://www.ttnews.com/fuel/comdataopis2002.htm,1/21-1/26,111.4,112.9,55.0
0,2002.0,http://www.ttnews.com/fuel/comdataopis2002.htm,1/28-2/02,111.4,113.4,56.3
0,2002.0,http://www.ttnews.com/fuel/comdataopis2002.htm,2/04-2/09,112.2,113.8,57.3
0,2002.0,http://www.ttnews.com/fuel/comdataopis2002.htm,2/11-2/16,112.7,114.2,58.2
0,2002.0,http://www.ttnews.com/fuel/comdataopis2002.htm,2/18-2/23,113.0,114.6,58.3
0,2002.0,http://www.ttnews.com/fuel/comdataopis2002.htm,2/25-3/02,113.3,114.8,59.3
0,2002.0,http://www.ttnews.com/fuel/comdataopis2002.htm,3/4-3/9,116.3,118.2,64.4
0,2002.0,http://www.ttnews.com/fuel/comdataopis2002.htm,3/11-3/16,121.3,122.1,68.6
0,2002.0,http://www.ttnews.com/fuel/comdataopis2002.htm,3/18-3/23,124.3,125.8,71.5
0,2002.0,http://www.ttnews.com/fuel/comdataopis2002.htm,3/25-3/30,125.9,127.7,72.0
0,2002.0,http://www.ttnews.com/fuel/comdataopis2002.htm,4/1-4/6,129.0,132.2,75.8
0,2002.0,http://www.ttnews.com/fuel/comdataopis2002.htm,4/8-4/13,129.7,131.8,74.3
0,2002.0,http://www.ttnews.com/fuel/comdataopis2002.htm,4/15-4/20,128.6,130.6,70.5
0,2002.0,http://www.ttnews.com/fuel/comdataopis2002.htm,4/22-4/27,127.7,129.6,72.2
0,2002.0,http://www.ttnews.com/fuel/comdataopis2002.htm,4/29-5/4,128.0,129.9,73.3
0,2002.0,http://www.ttnews.com/fuel/comdataopis2002.htm,5/6-5/11,127.6,129.6,71.4
0,2002.0,http://www.ttnews.com/fuel/comdataopis2002.htm,5/13-5/18,127.9,129.7,74.0
0,2002.0,http://www.ttnews.com/fuel/comdataopis2002.htm,5/20-5/25,128.4,130.3,73.2
0,2002.0,http://www.ttnews.com/fuel/comdataopis2002.htm,5/27-6/1,127.7,129.9,70.5
0,2002.0,http://www.ttnews.com/fuel/comdataopis2002.htm,6/3-6/8,126.6,128.6,68.7
0,2002.0,http://www.ttnews.com/fuel/comdataopis2002.htm,6/10-6/15,125.3,127.3,68.3
0,2002.0,http://www.ttnews.com/fuel/comdataopis2002.htm,6/17-6/22,125.4,127.3,70.4
0,2002.0,http://www.ttnews.com/fuel/comdataopis2002.htm,6/24-6/28,125.7,127.4,70.8
0,2002.0,http://www.ttnews.com/fuel/comdataopis2002.htm,7/1-7/5,126.2,128.1,72.4
0,2002.0,http://www.ttnews.com/fuel/comdataopis2002.htm,7/8-7/12,126.8,128.5,72.1
0,2002.0,http://www.ttnews.com/fuel/comdataopis2002.htm,7/15-7/19,128.0,129.7,74.7
0,2002.0,http://www.ttnews.com/fuel/comdataopis2002.htm,7/22-7/26,128.3,130.3,72.1
0,2002.0,http://www.ttnews.com/fuel/comdataopis2002.htm,7/29-8/2,127.8,129.7,72.7
0,2002.0,http://www.ttnews.com/fuel/comdataopis2002.htm,8/5-8/9,127.8,129.6,72.6
0,2002.0,http://www.ttnews.com/fuel/comdataopis2002.htm,8/12-8/16,128.4,130.1,75.6
0,2002.0,http://www.ttnews.com/fuel/comdataopis2002.htm,8/19-8/23,132.2,134.1,81.2
0,2002.0,http://www.ttnews.com/fuel/comdataopis2002.htm,8/26-8/30,135.0,136.8,82.9
0,2002.0,http://www.ttnews.com/fuel/comdataopis2002.htm,9/2-9/6,136.2,138.2,83.4
0,2002.0,http://www.ttnews.com/fuel/comdataopis2002.htm,9/9-9-13,137.7,139.8,85.7
0,2002.0,http://www.ttnews.com/fuel/comdataopis2002.htm,9/16-9/20,138.7,140.9,86.1
0,2002.0,http://www.ttnews.com/fuel/comdataopis2002.htm,9/23-9/27,140.0,142.0,88.0
0,2002.0,http://www.ttnews.com/fuel/comdataopis2002.htm,9/30-10/4,142.1,144.2,90.1
0,2002.0,http://www.ttnews.com/fuel/comdataopis2002.htm,10/7-10/11,143.4,145.8,89.5
0,2002.0,http://www.ttnews.com/fuel/comdataopis2002.htm,10/14-10/18,144.1,146.4,90.9
0,2002.0,http://www.ttnews.com/fuel/comdataopis2002.htm,10/21-10/25,144.0,146.4,87.2
0,2002.0,http://www.ttnews.com/fuel/comdataopis2002.htm,10/28-11/1,142.4,144.9,84.9
0,2002.0,http://www.ttnews.com/fuel/comdataopis2002.htm,11/4-11/8,141.0,143.4,82.8
0,2002.0,http://www.ttnews.com/fuel/comdataopis2002.htm,11/11-11/15,138.9,141.4,78.6
0,2002.0,http://www.ttnews.com/fuel/comdataopis2002.htm,11/18-11/22,137.6,139.6,81.7
0,2002.0,http://www.ttnews.com/fuel/comdataopis2002.htm,11/25-11/29,137.8,140.0,83.0
0,2002.0,http://www.ttnews.com/fuel/comdataopis2002.htm,12/2-12/6,138.0,140.1,81.8
0,2002.0,http://www.ttnews.com/fuel/comdataopis2002.htm,12/9-12/13,137.1,139.1,78.8
0,2002.0,http://www.ttnews.com/fuel/comdataopis2002.htm,12/16-12/20,139.2,141.0,86.9
0,2001.0,http://www.ttnews.com/fuel/comdataopis2000.asp,12/24-12/28,113.3,114.2,58.6
0,2001.0,http://www.ttnews.com/fuel/comdataopis2000.asp,4/22-28,140.3,141.7,85.5
0,2001.0,http://www.ttnews.com/fuel/comdataopis2000.asp,4/29-5/5,138.8,140.1,81.5
0,2001.0,http://www.ttnews.com/fuel/comdataopis2000.asp,5/6-12,137.6,139.1,83.1
0,2001.0,http://www.ttnews.com/fuel/comdataopis2000.asp,5/13-19,140.2,141.7,88.4
0,2001.0,http://www.ttnews.com/fuel/comdataopis2000.asp,5/20-26,141.2,142.5,86.7
0,2001.0,http://www.ttnews.com/fuel/comdataopis2000.asp,5/27-6/2,140.6,142.2,84.0
0,2001.0,http://www.ttnews.com/fuel/comdataopis2000.asp,6/3-9,139.4,140.6,83.2
0,2001.0,http://www.ttnews.com/fuel/comdataopis2000.asp,6/10-16,139.1,140.5,85.5
0,2001.0,http://www.ttnews.com/fuel/comdataopis2000.asp,6/17-23,140.3,141.5,85.7
0,2001.0,http://www.ttnews.com/fuel/comdataopis2000.asp,6/24-30,141.6,143.0,89.0
0,2001.0,http://www.ttnews.com/fuel/comdataopis2000.asp,7/1-7,143.0,144.4,89.2
0,2001.0,http://www.ttnews.com/fuel/comdataopis2000.asp,7/8-14,142.2,143.6,86.0
0,2001.0,http://www.ttnews.com/fuel/comdataopis2000.asp,7/15-21,140.1,142.2,85.6
0,2001.0,http://www.ttnews.com/fuel/comdataopis2000.asp,7/22-28,139.4,140.6,82.0
0,2001.0,http://www.ttnews.com/fuel/comdataopis2000.asp,7/29-8/4,138.1,139.2,83.7
0,2001.0,http://www.ttnews.com/fuel/comdataopis2000.asp,8/5-11,139.0,140.2,87.5
0,2001.0,http://www.ttnews.com/fuel/comdataopis2000.asp,8/12-18,143.0,144.2,92.2
0,2001.0,http://www.ttnews.com/fuel/comdataopis2000.asp,8/19-25,146.7,148.2,98.0
0,2001.0,http://www.ttnews.com/fuel/comdataopis2000.asp,8/26-9/1,154.4,156.1,105.6
0,2001.0,http://www.ttnews.com/fuel/comdataopis2000.asp,9/2-8,158.4,160.0,106.9
0,2001.0,http://www.ttnews.com/fuel/comdataopis2000.asp,9/9-15,161.1,162.7,109.3
0,2001.0,http://www.ttnews.com/fuel/comdataopis2000.asp,9/16-22,162.5,164.1,109.1
0,2001.0,http://www.ttnews.com/fuel/comdataopis2000.asp,9/23-29,161.3,162.7,102.2
0,2001.0,http://www.ttnews.com/fuel/comdataopis2000.asp,9/30-10/6,158.3,159.9,103.1
0,2001.0,http://www.ttnews.com/fuel/comdataopis2000.asp,10/7-13,158.1,159.9,107.0
0,2001.0,http://www.ttnews.com/fuel/comdataopis2000.asp,10/14-20,162.9,164.5,107.0
0,2001.0,http://www.ttnews.com/fuel/comdataopis2000.asp,10/21-27,161.1,162.6,106.9
0,2001.0,http://www.ttnews.com/fuel/comdataopis2000.asp,10/28-11/3,159.4,161.0,102.9
0,2001.0,http://www.ttnews.com/fuel/comdataopis2000.asp,11/4-10,156.4,158.1,101.1
0,2001.0,http://www.ttnews.com/fuel/comdataopis2000.asp,11/11-17,157.8,159.4,106.9
0,2001.0,http://www.ttnews.com/fuel/comdataopis2000.asp,11/18-24,160.5,162.2,109.5
0,2001.0,http://www.ttnews.com/fuel/comdataopis2000.asp,11/25-12/1,161.2,162.6,105.3
0,2001.0,http://www.ttnews.com/fuel/comdataopis2000.asp,12/2-8,157.8,159.1,99.4
0,2001.0,http://www.ttnews.com/fuel/comdataopis2000.asp,12/9-15,153.4,155.0,94.5
0,2001.0,http://www.ttnews.com/fuel/comdataopis2000.asp,12/16-22,150.0,151.3,90.7
0,2001.0,http://www.ttnews.com/fuel/comdataopis2000.asp,12/23-29,147.7,148.7,92.1
0,2001.0,http://www.ttnews.com/fuel/comdataopis2000.asp,12/30/2000-1/5/2001,148.5,149.9,94.3
0,2001.0,http://www.ttnews.com/fuel/comdataopis2000.asp,1/6-12,147.9,149.4,92.0
0,2001.0,http://www.ttnews.com/fuel/comdataopis2000.asp,1/13-19,148.3,149.6,94.5
0,2001.0,http://www.ttnews.com/fuel/comdataopis2000.asp,1/20-26,152.0,153.6,97.7
0,2001.0,http://www.ttnews.com/fuel/comdataopis2000.asp,1/27-2/2,150.4,152.2,92.8
0,2001.0,http://www.ttnews.com/fuel/comdataopis2000.asp,2/3-2/9,149.1,150.4,94.6
0,2001.0,http://www.ttnews.com/fuel/comdataopis2000.asp,2/10-2/16,147.6,149.6,88.7
0,2001.0,http://www.ttnews.com/fuel/comdataopis2000.asp,2/17-2/23,143.7,145.5,84.8
0,2001.0,http://www.ttnews.com/fuel/comdataopis2000.asp,2/24-3/2,140.9,142.4,82.0
0,2001.0,http://www.ttnews.com/fuel/comdataopis2000.asp,3/3-3/9,138.1,139.4,81.2
0,2001.0,http://www.ttnews.com/fuel/comdataopis2000.asp,3/10-3/16,136.8,138.1,79.2
0,2001.0,http://www.ttnews.com/fuel/comdataopis2000.asp,3/17-3/23,134.4,135.7,76.5
0,2001.0,http://www.ttnews.com/fuel/comdataopis2000.asp,3/24-3/30,135.0,136.3,80.7
0,2001.0,http://www.ttnews.com/fuel/comdataopis2000.asp,3/31-4/6,135.0,136.9,80.3
0,2001.0,http://www.ttnews.com/fuel/comdataopis2000.asp,4/7-4/13,138.9,139.5,85.5
0,2001.0,http://www.ttnews.com/fuel/comdataopis2000.asp,4/14-4/20,141.5,143.5,86.4
0,2001.0,http://www.ttnews.com/fuel/comdataopis2000.asp,4/21-4/27,141.1,142.8,85.0
0,2001.0,http://www.ttnews.com/fuel/comdataopis2000.asp,4/28-5/04,142.9,144.5,89.2
0,2001.0,http://www.ttnews.com/fuel/comdataopis2000.asp,5/05-5/11,144.6,146.4,92.1
0,2001.0,http://www.ttnews.com/fuel/comdataopis2000.asp,5/12-5/18,146.2,148.1,93.0
0,2001.0,http://www.ttnews.com/fuel/comdataopis2000.asp,5/19-5/25,148.7,150.5,98.2
0,2001.0,http://www.ttnews.com/fuel/comdataopis2000.asp,5/26-6/1,150.2,152.2,97.4
0,2001.0,http://www.ttnews.com/fuel/comdataopis2000.asp,6/2-6/8,148.0,150.2,92.5
0,2001.0,http://www.ttnews.com/fuel/comdataopis2000.asp,6/9-6/15,154.5,147.5,91.8
0,2001.0,http://www.ttnews.com/fuel/comdataopis2000.asp,6/16-6/22,143.6,146.2,86.4
0,2001.0,http://www.ttnews.com/fuel/comdataopis2000.asp,6/23-6/29,139.9,142.1,80.9
0,2001.0,http://www.ttnews.com/fuel/comdataopis2000.asp,6/30-7/6,136.7,138.6,79.7
0,2001.0,http://www.ttnews.com/fuel/comdataopis2000.asp,7/7-7/13,135.5,137.3,79.1
0,2001.0,http://www.ttnews.com/fuel/comdataopis2000.asp,7/16-7/20,133.4,135.3,74.7
0,2001.0,http://www.ttnews.com/fuel/comdataopis2000.asp,7/23-7/27,131.6,133.2,75.4
0,2001.0,http://www.ttnews.com/fuel/comdataopis2000.asp,7/30-8/03,131.7,133.2,76.9
0,2001.0,http://www.ttnews.com/fuel/comdataopis2000.asp,8/06-8/10,132.6,134.0,79.3
0,2001.0,http://www.ttnews.com/fuel/comdataopis2000.asp,8/13-8/17,135.0,136.4,82.6
0,2001.0,http://www.ttnews.com/fuel/comdataopis2000.asp,8/20-8/24,138.3,139.7,86.3
0,2001.0,http://www.ttnews.com/fuel/comdataopis2000.asp,8/25-8/31,144.4,146.2,93.1
0,2001.0,http://www.ttnews.com/fuel/comdataopis2000.asp,9/1-9/7,145.1,147.2,91.9
0,2001.0,http://www.ttnews.com/fuel/comdataopis2000.asp,9/10-9/14,148.9,151.0,96.5
0,2001.0,http://www.ttnews.com/fuel/comdataopis2000.asp,9/17-9/21,146.7,149.0,86.7
0,2001.0,http://www.ttnews.com/fuel/comdataopis2000.asp,9/24-9/28,136.3,142.6,76.2
0,2001.0,http://www.ttnews.com/fuel/comdataopis2000.asp,10/1-10/5,135.0,136.8,77.8
0,2001.0,http://www.ttnews.com/fuel/comdataopis2000.asp,10/8-10/12,132.3,134.4,75.4
0,2001.0,http://www.ttnews.com/fuel/comdataopis2000.asp,10/15-10/19,129.4,131.7,71.3
0,2001.0,http://www.ttnews.com/fuel/comdataopis2000.asp,10/22-10/26,127.2,129.2,71.9
0,2001.0,http://www.ttnews.com/fuel/comdataopis2000.asp,10/29-11/2,126.1,128.1,69.4
0,2001.0,http://www.ttnews.com/fuel/comdataopis2000.asp,11/5-11/9,123.9,125.9,66.5
0,2001.0,http://www.ttnews.com/fuel/comdataopis2000.asp,11/12-11/16,122.8,124.8,65.5
0,2001.0,http://www.ttnews.com/fuel/comdataopis2000.asp,11/19-11/23,119.3,121.4,59.4
0,2001.0,http://www.ttnews.com/fuel/comdataopis2000.asp,11/26-11/30,117.4,119.3,58.7
0,2001.0,http://www.ttnews.com/fuel/comdataopis2000.asp,12/3-12/7,115.2,117.1,57.0
0,2001.0,http://www.ttnews.com/fuel/comdataopis2000.asp,12/10-12/14,112.7,114.3,52.6
0,2001.0,http://www.ttnews.com/fuel/comdataopis2000.asp,12/17-12/21,111.5,112.9,56.5
0,2000.0,http://www.ttnews.com/fuel/comdataopis2000.asp,12/24-12/28,113.3,114.2,58.6
0,2000.0,http://www.ttnews.com/fuel/comdataopis2000.asp,4/22-28,140.3,141.7,85.5
0,2000.0,http://www.ttnews.com/fuel/comdataopis2000.asp,4/29-5/5,138.8,140.1,81.5
0,2000.0,http://www.ttnews.com/fuel/comdataopis2000.asp,5/6-12,137.6,139.1,83.1
0,2000.0,http://www.ttnews.com/fuel/comdataopis2000.asp,5/13-19,140.2,141.7,88.4
0,2000.0,http://www.ttnews.com/fuel/comdataopis2000.asp,5/20-26,141.2,142.5,86.7
0,2000.0,http://www.ttnews.com/fuel/comdataopis2000.asp,5/27-6/2,140.6,142.2,84.0
0,2000.0,http://www.ttnews.com/fuel/comdataopis2000.asp,6/3-9,139.4,140.6,83.2
0,2000.0,http://www.ttnews.com/fuel/comdataopis2000.asp,6/10-16,139.1,140.5,85.5
0,2000.0,http://www.ttnews.com/fuel/comdataopis2000.asp,6/17-23,140.3,141.5,85.7
0,2000.0,http://www.ttnews.com/fuel/comdataopis2000.asp,6/24-30,141.6,143.0,89.0
0,2000.0,http://www.ttnews.com/fuel/comdataopis2000.asp,7/1-7,143.0,144.4,89.2
0,2000.0,http://www.ttnews.com/fuel/comdataopis2000.asp,7/8-14,142.2,143.6,86.0
0,2000.0,http://www.ttnews.com/fuel/comdataopis2000.asp,7/15-21,140.1,142.2,85.6
0,2000.0,http://www.ttnews.com/fuel/comdataopis2000.asp,7/22-28,139.4,140.6,82.0
0,2000.0,http://www.ttnews.com/fuel/comdataopis2000.asp,7/29-8/4,138.1,139.2,83.7
0,2000.0,http://www.ttnews.com/fuel/comdataopis2000.asp,8/5-11,139.0,140.2,87.5
0,2000.0,http://www.ttnews.com/fuel/comdataopis2000.asp,8/12-18,143.0,144.2,92.2
0,2000.0,http://www.ttnews.com/fuel/comdataopis2000.asp,8/19-25,146.7,148.2,98.0
0,2000.0,http://www.ttnews.com/fuel/comdataopis2000.asp,8/26-9/1,154.4,156.1,105.6
0,2000.0,http://www.ttnews.com/fuel/comdataopis2000.asp,9/2-8,158.4,160.0,106.9
0,2000.0,http://www.ttnews.com/fuel/comdataopis2000.asp,9/9-15,161.1,162.7,109.3
0,2000.0,http://www.ttnews.com/fuel/comdataopis2000.asp,9/16-22,162.5,164.1,109.1
0,2000.0,http://www.ttnews.com/fuel/comdataopis2000.asp,9/23-29,161.3,162.7,102.2
0,2000.0,http://www.ttnews.com/fuel/comdataopis2000.asp,9/30-10/6,158.3,159.9,103.1
0,2000.0,http://www.ttnews.com/fuel/comdataopis2000.asp,10/7-13,158.1,159.9,107.0
0,2000.0,http://www.ttnews.com/fuel/comdataopis2000.asp,10/14-20,162.9,164.5,107.0
0,2000.0,http://www.ttnews.com/fuel/comdataopis2000.asp,10/21-27,161.1,162.6,106.9
0,2000.0,http://www.ttnews.com/fuel/comdataopis2000.asp,10/28-11/3,159.4,161.0,102.9
0,2000.0,http://www.ttnews.com/fuel/comdataopis2000.asp,11/4-10,156.4,158.1,101.1
0,2000.0,http://www.ttnews.com/fuel/comdataopis2000.asp,11/11-17,157.8,159.4,106.9
0,2000.0,http://www.ttnews.com/fuel/comdataopis2000.asp,11/18-24,160.5,162.2,109.5
0,2000.0,http://www.ttnews.com/fuel/comdataopis2000.asp,11/25-12/1,161.2,162.6,105.3
0,2000.0,http://www.ttnews.com/fuel/comdataopis2000.asp,12/2-8,157.8,159.1,99.4
0,2000.0,http://www.ttnews.com/fuel/comdataopis2000.asp,12/9-15,153.4,155.0,94.5
0,2000.0,http://www.ttnews.com/fuel/comdataopis2000.asp,12/16-22,150.0,151.3,90.7
0,2000.0,http://www.ttnews.com/fuel/comdataopis2000.asp,12/23-29,147.7,148.7,92.1
0,2000.0,http://www.ttnews.com/fuel/comdataopis2000.asp,12/30/2000-1/5/2001,148.5,149.9,94.3
0,2000.0,http://www.ttnews.com/fuel/comdataopis2000.asp,1/6-12,147.9,149.4,92.0
0,2000.0,http://www.ttnews.com/fuel/comdataopis2000.asp,1/13-19,148.3,149.6,94.5
0,2000.0,http://www.ttnews.com/fuel/comdataopis2000.asp,1/20-26,152.0,153.6,97.7
0,2000.0,http://www.ttnews.com/fuel/comdataopis2000.asp,1/27-2/2,150.4,152.2,92.8
0,2000.0,http://www.ttnews.com/fuel/comdataopis2000.asp,2/3-2/9,149.1,150.4,94.6
0,2000.0,http://www.ttnews.com/fuel/comdataopis2000.asp,2/10-2/16,147.6,149.6,88.7
0,2000.0,http://www.ttnews.com/fuel/comdataopis2000.asp,2/17-2/23,143.7,145.5,84.8
0,2000.0,http://www.ttnews.com/fuel/comdataopis2000.asp,2/24-3/2,140.9,142.4,82.0
0,2000.0,http://www.ttnews.com/fuel/comdataopis2000.asp,3/3-3/9,138.1,139.4,81.2
0,2000.0,http://www.ttnews.com/fuel/comdataopis2000.asp,3/10-3/16,136.8,138.1,79.2
0,2000.0,http://www.ttnews.com/fuel/comdataopis2000.asp,3/17-3/23,134.4,135.7,76.5
0,2000.0,http://www.ttnews.com/fuel/comdataopis2000.asp,3/24-3/30,135.0,136.3,80.7
0,2000.0,http://www.ttnews.com/fuel/comdataopis2000.asp,3/31-4/6,135.0,136.9,80.3
0,2000.0,http://www.ttnews.com/fuel/comdataopis2000.asp,4/7-4/13,138.9,139.5,85.5
0,2000.0,http://www.ttnews.com/fuel/comdataopis2000.asp,4/14-4/20,141.5,143.5,86.4
0,2000.0,http://www.ttnews.com/fuel/comdataopis2000.asp,4/21-4/27,141.1,142.8,85.0
0,2000.0,http://www.ttnews.com/fuel/comdataopis2000.asp,4/28-5/04,142.9,144.5,89.2
0,2000.0,http://www.ttnews.com/fuel/comdataopis2000.asp,5/05-5/11,144.6,146.4,92.1
0,2000.0,http://www.ttnews.com/fuel/comdataopis2000.asp,5/12-5/18,146.2,148.1,93.0
0,2000.0,http://www.ttnews.com/fuel/comdataopis2000.asp,5/19-5/25,148.7,150.5,98.2
0,2000.0,http://www.ttnews.com/fuel/comdataopis2000.asp,5/26-6/1,150.2,152.2,97.4
0,2000.0,http://www.ttnews.com/fuel/comdataopis2000.asp,6/2-6/8,148.0,150.2,92.5
0,2000.0,http://www.ttnews.com/fuel/comdataopis2000.asp,6/9-6/15,154.5,147.5,91.8
0,2000.0,http://www.ttnews.com/fuel/comdataopis2000.asp,6/16-6/22,143.6,146.2,86.4
0,2000.0,http://www.ttnews.com/fuel/comdataopis2000.asp,6/23-6/29,139.9,142.1,80.9
0,2000.0,http://www.ttnews.com/fuel/comdataopis2000.asp,6/30-7/6,136.7,138.6,79.7
0,2000.0,http://www.ttnews.com/fuel/comdataopis2000.asp,7/7-7/13,135.5,137.3,79.1
0,2000.0,http://www.ttnews.com/fuel/comdataopis2000.asp,7/16-7/20,133.4,135.3,74.7
0,2000.0,http://www.ttnews.com/fuel/comdataopis2000.asp,7/23-7/27,131.6,133.2,75.4
0,2000.0,http://www.ttnews.com/fuel/comdataopis2000.asp,7/30-8/03,131.7,133.2,76.9
0,2000.0,http://www.ttnews.com/fuel/comdataopis2000.asp,8/06-8/10,132.6,134.0,79.3
0,2000.0,http://www.ttnews.com/fuel/comdataopis2000.asp,8/13-8/17,135.0,136.4,82.6
0,2000.0,http://www.ttnews.com/fuel/comdataopis2000.asp,8/20-8/24,138.3,139.7,86.3
0,2000.0,http://www.ttnews.com/fuel/comdataopis2000.asp,8/25-8/31,144.4,146.2,93.1
0,2000.0,http://www.ttnews.com/fuel/comdataopis2000.asp,9/1-9/7,145.1,147.2,91.9
0,2000.0,http://www.ttnews.com/fuel/comdataopis2000.asp,9/10-9/14,148.9,151.0,96.5
0,2000.0,http://www.ttnews.com/fuel/comdataopis2000.asp,9/17-9/21,146.7,149.0,86.7
0,2000.0,http://www.ttnews.com/fuel/comdataopis2000.asp,9/24-9/28,136.3,142.6,76.2
0,2000.0,http://www.ttnews.com/fuel/comdataopis2000.asp,10/1-10/5,135.0,136.8,77.8
0,2000.0,http://www.ttnews.com/fuel/comdataopis2000.asp,10/8-10/12,132.3,134.4,75.4
0,2000.0,http://www.ttnews.com/fuel/comdataopis2000.asp,10/15-10/19,129.4,131.7,71.3
0,2000.0,http://www.ttnews.com/fuel/comdataopis2000.asp,10/22-10/26,127.2,129.2,71.9
0,2000.0,http://www.ttnews.com/fuel/comdataopis2000.asp,10/29-11/2,126.1,128.1,69.4
0,2000.0,http://www.ttnews.com/fuel/comdataopis2000.asp,11/5-11/9,123.9,125.9,66.5
0,2000.0,http://www.ttnews.com/fuel/comdataopis2000.asp,11/12-11/16,122.8,124.8,65.5
0,2000.0,http://www.ttnews.com/fuel/comdataopis2000.asp,11/19-11/23,119.3,121.4,59.4
0,2000.0,http://www.ttnews.com/fuel/comdataopis2000.asp,11/26-11/30,117.4,119.3,58.7
0,2000.0,http://www.ttnews.com/fuel/comdataopis2000.asp,12/3-12/7,115.2,117.1,57.0
0,2000.0,http://www.ttnews.com/fuel/comdataopis2000.asp,12/10-12/14,112.7,114.3,52.6
0,2000.0,http://www.ttnews.com/fuel/comdataopis2000.asp,12/17-12/21,111.5,112.9,56.5
