,Year,Link,Week Ending,Comdata,T-Chek Self-Serve,T-Chek Wholesale ,FullDate
1,2016.0,http://www.ttnews.com/fuel/comdata.aspx,2/19,1.847,1.894,1.082,2/19/2016
2,2016.0,http://www.ttnews.com/fuel/comdata.aspx,1/1,2.064,2.098,1.128,1/1/2016
3,2016.0,http://www.ttnews.com/fuel/comdata.aspx,1/8,2.023,2.063,1.1,1/8/2016
4,2016.0,http://www.ttnews.com/fuel/comdata.aspx,1/15,1.985,2.014,0.995,1/15/2016
5,2016.0,http://www.ttnews.com/fuel/comdata.aspx,1/22,1.933,1.971,0.915,1/22/2016
6,2016.0,http://www.ttnews.com/fuel/comdata.aspx,1/29,1.888,1.921,0.991,1/29/2016
7,2016.0,http://www.ttnews.com/fuel/comdata.aspx,2/5,1.862,1.896,1.053,2/5/2016
8,2016.0,http://www.ttnews.com/fuel/comdata.aspx,2/12,1.844,1.882,1.006,2/12/2016
9,2015.0,http://www.ttnews.com/fuel/comdata2015.htm,12/25,2.097,2.144,1.133,12/25/2015
10,2015.0,http://www.ttnews.com/fuel/comdata2015.htm,1/2,3.01,3.134,1.77,1/2/2015
11,2015.0,http://www.ttnews.com/fuel/comdata2015.htm,1/9,2.918,3.031,1.667,1/9/2015
12,2015.0,http://www.ttnews.com/fuel/comdata2015.htm,1/16,2.844,2.941,1.566,1/16/2015
13,2015.0,http://www.ttnews.com/fuel/comdata2015.htm,1/23,2.737,2.837,1.587,1/23/2015
14,2015.0,http://www.ttnews.com/fuel/comdata2015.htm,1/30,2.664,2.783,1.622,1/30/2015
15,2015.0,http://www.ttnews.com/fuel/comdata2015.htm,2/6,2.645,2.745,1.807,2/6/2015
16,2015.0,http://www.ttnews.com/fuel/comdata2015.htm,2/13,2.658,2.743,1.88,2/13/2015
17,2015.0,http://www.ttnews.com/fuel/comdata2015.htm,2/20,2.704,2.777,1.946,2/20/2015
18,2015.0,http://www.ttnews.com/fuel/comdata2015.htm,2/27,2.723,2.792,1.946,2/27/2015
19,2015.0,http://www.ttnews.com/fuel/comdata2015.htm,3/6,2.741,2.796,1.942,3/6/2015
20,2015.0,http://www.ttnews.com/fuel/comdata2015.htm,3/13,2.739,2.786,1.85,3/13/2015
21,2015.0,http://www.ttnews.com/fuel/comdata2015.htm,3/20,2.704,2.744,1.748,3/20/2015
22,2015.0,http://www.ttnews.com/fuel/comdata2015.htm,3/27,2.647,2.699,1.755,3/27/2015
23,2015.0,http://www.ttnews.com/fuel/comdata2015.htm,4/3,2.611,2.667,1.725,4/3/2015
24,2015.0,http://www.ttnews.com/fuel/comdata2015.htm,4/10,2.567,2.641,1.742,4/10/2015
25,2015.0,http://www.ttnews.com/fuel/comdata2015.htm,4/17,2.549,2.634,1.843,4/17/2015
26,2015.0,http://www.ttnews.com/fuel/comdata2015.htm,4/24,2.598,2.675,1.874,4/24/2015
27,2015.0,http://www.ttnews.com/fuel/comdata2015.htm,5/1,2.644,2.699,1.924,5/1/2015
28,2015.0,http://www.ttnews.com/fuel/comdata2015.htm,5/8,2.688,2.744,1.999,5/8/2015
29,2015.0,http://www.ttnews.com/fuel/comdata2015.htm,5/15,2.699,2.758,1.997,5/15/2015
30,2015.0,http://www.ttnews.com/fuel/comdata2015.htm,5/22,2.737,2.778,1.979,5/22/2015
31,2015.0,http://www.ttnews.com/fuel/comdata2015.htm,5/29,2.72,2.776,1.911,5/29/2015
32,2015.0,http://www.ttnews.com/fuel/comdata2015.htm,6/5,2.721,2.774,1.9,6/5/2015
33,2015.0,http://www.ttnews.com/fuel/comdata2015.htm,6/12,2.692,2.749,1.89,6/12/2015
34,2015.0,http://www.ttnews.com/fuel/comdata2015.htm,6/19,2.68,2.741,1.883,6/19/2015
35,2015.0,http://www.ttnews.com/fuel/comdata2015.htm,6/26,2.671,2.731,1.864,6/26/2015
36,2015.0,http://www.ttnews.com/fuel/comdata2015.htm,7/3,2.659,2.72,1.865,7/3/2015
37,2015.0,http://www.ttnews.com/fuel/comdata2015.htm,7/10,2.635,2.709,1.786,7/10/2015
38,2015.0,http://www.ttnews.com/fuel/comdata2015.htm,7/17,2.619,2.697,1.759,7/17/2015
39,2015.0,http://www.ttnews.com/fuel/comdata2015.htm,7/24,2.578,2.657,1.73,7/24/2015
40,2015.0,http://www.ttnews.com/fuel/comdata2015.htm,7/31,2.501,2.594,1.663,7/31/2015
41,2015.0,http://www.ttnews.com/fuel/comdata2015.htm,8/7,2.444,2.53,1.604,8/7/2015
42,2015.0,http://www.ttnews.com/fuel/comdata2015.htm,8/14,2.404,2.507,1.66,8/14/2015
43,2015.0,http://www.ttnews.com/fuel/comdata2015.htm,8/21,2.414,2.499,1.615,8/21/2015
44,2015.0,http://www.ttnews.com/fuel/comdata2015.htm,8/28,2.329,2.425,1.506,8/28/2015
45,2015.0,http://www.ttnews.com/fuel/comdata2015.htm,9/4,2.37,2.468,1.68,9/4/2015
46,2015.0,http://www.ttnews.com/fuel/comdata2015.htm,9/11,2.372,2.443,1.63,9/11/2015
47,2015.0,http://www.ttnews.com/fuel/comdata2015.htm,9/18,2.34,2.412,1.56,9/18/2015
48,2015.0,http://www.ttnews.com/fuel/comdata2015.htm,9/25,2.307,2.392,1.551,9/25/2015
49,2015.0,http://www.ttnews.com/fuel/comdata2015.htm,10/2,2.304,2.392,1.566,10/2/2015
50,2015.0,http://www.ttnews.com/fuel/comdata2015.htm,10/9,2.374,2.435,1.711,10/9/2015
51,2015.0,http://www.ttnews.com/fuel/comdata2015.htm,10/19,2.404,2.414,1.626,10/19/2015
52,2015.0,http://www.ttnews.com/fuel/comdata2015.htm,10/23,2.352,2.379,1.587,10/23/2015
53,2015.0,http://www.ttnews.com/fuel/comdata2015.htm,10/30,2.312,2.358,1.603,10/30/2015
54,2015.0,http://www.ttnews.com/fuel/comdata2015.htm,11/2,2.337,2.398,1.648,11/2/2015
55,2015.0,http://www.ttnews.com/fuel/comdata2015.htm,11/13,2.333,2.363,1.612,11/13/2015
56,2015.0,http://www.ttnews.com/fuel/comdata2015.htm,11/20,2.314,2.344,1.551,11/20/2015
57,2015.0,http://www.ttnews.com/fuel/comdata2015.htm,11/27,2.251,2.313,1.519,11/27/2015
58,2015.0,http://www.ttnews.com/fuel/comdata2015.htm,12/4,2.228,2.289,1.453,12/4/2015
59,2015.0,http://www.ttnews.com/fuel/comdata2015.htm,12/11,2.193,2.251,1.243,12/11/2015
60,2015.0,http://www.ttnews.com/fuel/comdata2015.htm,12/18,2.144,2.202,1.119,12/18/2015
61,2014.0,http://www.ttnews.com/fuel/comdata2014.htm,12/26,3.099,3.215,1.828,12/26/2014
62,2014.0,http://www.ttnews.com/fuel/comdata2014.htm,1/3,3.78,3.879,3.095,1/3/2014
63,2014.0,http://www.ttnews.com/fuel/comdata2014.htm,1/10,3.761,3.874,3.018,1/10/2014
64,2014.0,http://www.ttnews.com/fuel/comdata2014.htm,1/17,3.724,3.861,2.985,1/17/2014
65,2014.0,http://www.ttnews.com/fuel/comdata2014.htm,1/24,3.714,3.839,3.006,1/24/2014
66,2014.0,http://www.ttnews.com/fuel/comdata2014.htm,1/31,3.767,3.865,3.066,1/31/2014
67,2014.0,http://www.ttnews.com/fuel/comdata2014.htm,2/7,3.784,3.857,3.043,2/7/2014
68,2014.0,http://www.ttnews.com/fuel/comdata2014.htm,2/14,3.821,3.876,3.097,2/14/2014
69,2014.0,http://www.ttnews.com/fuel/comdata2014.htm,2/21,3.847,3.898,3.184,2/21/2014
70,2014.0,http://www.ttnews.com/fuel/comdata2014.htm,2/28,3.854,3.928,3.186,2/28/2014
71,2014.0,http://www.ttnews.com/fuel/comdata2014.htm,3/7,3.855,3.952,3.209,3/7/2014
72,2014.0,http://www.ttnews.com/fuel/comdata2014.htm,3/14,3.869,3.939,3.127,3/14/2014
73,2014.0,http://www.ttnews.com/fuel/comdata2014.htm,3/21,3.824,3.923,3.098,3/21/2014
74,2014.0,http://www.ttnews.com/fuel/comdata2014.htm,3/28,3.81,3.919,3.122,3/28/2014
75,2014.0,http://www.ttnews.com/fuel/comdata2014.htm,4/4,3.825,3.907,3.091,4/4/2014
76,2014.0,http://www.ttnews.com/fuel/comdata2014.htm,4/11,3.788,3.906,3.112,4/11/2014
77,2014.0,http://www.ttnews.com/fuel/comdata2014.htm,4/18,3.792,3.925,3.158,4/18/2014
78,2014.0,http://www.ttnews.com/fuel/comdata2014.htm,4/25,3.815,3.929,3.179,4/25/2014
79,2014.0,http://www.ttnews.com/fuel/comdata2014.htm,5/2,3.808,3.925,3.113,5/2/2014
80,2014.0,http://www.ttnews.com/fuel/comdata2014.htm,5/9,3.789,3.905,3.078,5/9/2014
81,2014.0,http://www.ttnews.com/fuel/comdata2014.htm,5/16,3.777,3.89,3.086,5/16/2014
82,2014.0,http://www.ttnews.com/fuel/comdata2014.htm,5/23,3.767,3.88,3.081,5/23/2014
83,2014.0,http://www.ttnews.com/fuel/comdata2014.htm,5/30,3.748,3.875,3.066,5/30/2014
84,2014.0,http://www.ttnews.com/fuel/comdata2014.htm,6/6,3.738,3.857,2.992,6/6/2014
85,2014.0,http://www.ttnews.com/fuel/comdata2014.htm,6/13,3.72,3.84,3.01,6/13/2014
86,2014.0,http://www.ttnews.com/fuel/comdata2014.htm,6/20,3.725,3.853,3.1,6/20/2014
87,2014.0,http://www.ttnews.com/fuel/comdata2014.htm,6/27,3.781,3.876,3.106,6/27/2014
88,2014.0,http://www.ttnews.com/fuel/comdata2014.htm,7/4,3.785,3.867,3.036,7/4/2014
89,2014.0,http://www.ttnews.com/fuel/comdata2014.htm,7/11,3.748,3.854,2.972,7/11/2014
90,2014.0,http://www.ttnews.com/fuel/comdata2014.htm,7/18,3.73,3.829,2.942,7/18/2014
91,2014.0,http://www.ttnews.com/fuel/comdata2014.htm,7/25,3.703,3.819,2.949,7/25/2014
92,2014.0,http://www.ttnews.com/fuel/comdata2014.htm,8/1,3.705,3.812,2.982,8/1/2014
93,2014.0,http://www.ttnews.com/fuel/comdata2014.htm,8/8,3.688,3.807,2.979,8/8/2014
94,2014.0,http://www.ttnews.com/fuel/comdata2014.htm,8/15,3.669,3.798,2.975,8/15/2014
95,2014.0,http://www.ttnews.com/fuel/comdata2014.htm,8/22,3.653,3.784,2.939,8/22/2014
96,2014.0,http://www.ttnews.com/fuel/comdata2014.htm,8/29,3.638,3.781,2.966,8/29/2014
97,2014.0,http://www.ttnews.com/fuel/comdata2014.htm,9/5,3.631,3.78,2.948,9/5/2014
98,2014.0,http://www.ttnews.com/fuel/comdata2014.htm,9/12,3.622,3.776,2.877,9/12/2014
99,2014.0,http://www.ttnews.com/fuel/comdata2014.htm,9/19,3.596,3.749,2.835,9/19/2014
100,2014.0,http://www.ttnews.com/fuel/comdata2014.htm,9/26,3.567,3.729,2.788,9/26/2014
101,2014.0,http://www.ttnews.com/fuel/comdata2014.htm,10/3,3.55,3.71,2.782,10/3/2014
102,2014.0,http://www.ttnews.com/fuel/comdata2014.htm,10/10,3.52,3.688,3.731,10/10/2014
103,2014.0,http://www.ttnews.com/fuel/comdata2014.htm,10/17,3.486,3.637,2.675,10/17/2014
104,2014.0,http://www.ttnews.com/fuel/comdata2014.htm,10/24,3.442,3.644,2.747,10/24/2014
105,2014.0,http://www.ttnews.com/fuel/comdata2014.htm,10/31,3.567,3.625,2.727,10/31/2014
106,2014.0,http://www.ttnews.com/fuel/comdata2014.htm,11/7,3.412,3.638,2.83,11/7/2014
107,2014.0,http://www.ttnews.com/fuel/comdata2014.htm,11/14,3.47,3.682,2.711,11/14/2014
108,2014.0,http://www.ttnews.com/fuel/comdata2014.htm,11/21,3.448,3.65,2.65,11/21/2014
109,2014.0,http://www.ttnews.com/fuel/comdata2014.htm,11/28,3.379,3.616,2.574,11/28/2014
110,2014.0,http://www.ttnews.com/fuel/comdata2014.htm,12/5,3.357,3.555,2.325,12/5/2014
111,2014.0,http://www.ttnews.com/fuel/comdata2014.htm,12/12,3.302,3.466,2.129,12/12/2014
112,2014.0,http://www.ttnews.com/fuel/comdata2014.htm,12/19,3.182,3.367,1.948,12/19/2014
113,2013.0,http://www.ttnews.com/fuel/comdata2013.htm,12/27,3.741,3.887,3.135,12/27/2013
114,2013.0,http://www.ttnews.com/fuel/comdata2013.htm,1/4/13,3.715,3.846,3.08,1/4/2013
115,2013.0,http://www.ttnews.com/fuel/comdata2013.htm,1/11,3.703,3.836,3.083,1/11/2013
116,2013.0,http://www.ttnews.com/fuel/comdata2013.htm,1/18,3.704,3.832,3.069,1/18/2013
117,2013.0,http://www.ttnews.com/fuel/comdata2013.htm,1/25,3.777,3.846,3.106,1/25/2013
118,2013.0,http://www.ttnews.com/fuel/comdata2013.htm,2/1,3.787,3.9,3.161,2/1/2013
119,2013.0,http://www.ttnews.com/fuel/comdata2013.htm,2/8,3.861,3.988,3.276,2/8/2013
120,2013.0,http://www.ttnews.com/fuel/comdata2013.htm,2/15,3.952,4.087,3.373,2/15/2013
121,2013.0,http://www.ttnews.com/fuel/comdata2013.htm,2/22,3.962,4.12,3.342,2/22/2013
122,2013.0,http://www.ttnews.com/fuel/comdata2013.htm,3/1,3.943,4.105,3.236,3/1/2013
123,2013.0,http://www.ttnews.com/fuel/comdata2013.htm,3/8,3.91,4.064,3.186,3/8/2013
124,2013.0,http://www.ttnews.com/fuel/comdata2013.htm,3/15,3.852,4.025,3.162,3/15/2013
125,2013.0,http://www.ttnews.com/fuel/comdata2013.htm,3/22,3.809,3.989,3.126,3/22/2013
126,2013.0,http://www.ttnews.com/fuel/comdata2013.htm,3/29,3.792,3.96,3.159,3/29/2013
127,2013.0,http://www.ttnews.com/fuel/comdata2013.htm,4/5,3.781,3.952,3.187,4/5/2013
128,2013.0,http://www.ttnews.com/fuel/comdata2013.htm,4/12,3.754,3.93,3.093,4/12/2013
129,2013.0,http://www.ttnews.com/fuel/comdata2013.htm,4/19,3.707,3.882,2.945,4/19/2013
130,2013.0,http://www.ttnews.com/fuel/comdata2013.htm,4/26,3.652,3.823,2.977,4/26/2013
131,2013.0,http://www.ttnews.com/fuel/comdata2013.htm,5/3,3.628,3.797,2.987,5/3/2013
132,2013.0,http://www.ttnews.com/fuel/comdata2013.htm,5/10,3.64,3.813,3.082,5/10/2013
133,2013.0,http://www.ttnews.com/fuel/comdata2013.htm,5/17,3.68,3.828,3.04,5/17/2013
134,2013.0,http://www.ttnews.com/fuel/comdata2013.htm,5/24,3.714,3.852,3.069,5/24/2013
135,2013.0,http://www.ttnews.com/fuel/comdata2013.htm,5/31,3.687,3.841,3.032,5/31/2013
136,2013.0,http://www.ttnews.com/fuel/comdata2013.htm,6/7,3.669,3.827,3.016,6/7/2013
137,2013.0,http://www.ttnews.com/fuel/comdata2013.htm,6/14,3.661,3.828,3.04,6/14/2013
138,2013.0,http://www.ttnews.com/fuel/comdata2013.htm,6/21,3.654,3.821,3.063,6/21/2013
139,2013.0,http://www.ttnews.com/fuel/comdata2013.htm,6/28,3.648,3.796,2.973,6/28/2013
140,2013.0,http://www.ttnews.com/fuel/comdata2013.htm,7/5,3.631,3.771,3.008,7/5/2013
141,2013.0,http://www.ttnews.com/fuel/comdata2013.htm,7/12,3.697,3.819,3.087,7/12/2013
142,2013.0,http://www.ttnews.com/fuel/comdata2013.htm,7/19,3.717,3.859,3.147,7/19/2013
143,2013.0,http://www.ttnews.com/fuel/comdata2013.htm,7/26,3.754,3.885,3.137,7/26/2013
144,2013.0,http://www.ttnews.com/fuel/comdata2013.htm,8/2,3.753,3.879,3.129,8/2/2013
145,2013.0,http://www.ttnews.com/fuel/comdata2013.htm,8/9,3.746,3.875,3.087,8/9/2013
146,2013.0,http://www.ttnews.com/fuel/comdata2013.htm,8/16,3.731,3.868,3.136,8/16/2013
147,2013.0,http://www.ttnews.com/fuel/comdata2013.htm,8/23,3.749,3.892,3.167,8/23/2013
148,2013.0,http://www.ttnews.com/fuel/comdata2013.htm,8/30,3.777,3.933,3.242,8/30/2013
149,2013.0,http://www.ttnews.com/fuel/comdata2013.htm,9/6,3.822,3.959,3.225,9/6/2013
150,2013.0,http://www.ttnews.com/fuel/comdata2013.htm,9/13,3.817,3.945,3.19,9/13/2013
151,2013.0,http://www.ttnews.com/fuel/comdata2013.htm,9/20,3.814,3.93,3.128,9/20/2013
152,2013.0,http://www.ttnews.com/fuel/comdata2013.htm,9/27,3.798,3.907,3.082,9/27/2013
153,2013.0,http://www.ttnews.com/fuel/comdata2013.htm,10/4,3.748,3.883,3.073,10/4/2013
154,2013.0,http://www.ttnews.com/fuel/comdata2013.htm,10/11,3.74,3.868,3.123,10/11/2013
155,2013.0,http://www.ttnews.com/fuel/comdata2013.htm,10/18,3.749,3.862,3.108,10/18/2013
156,2013.0,http://www.ttnews.com/fuel/comdata2013.htm,10/25,3.715,3.853,3.036,10/25/2013
157,2013.0,http://www.ttnews.com/fuel/comdata2013.htm,11/1,3.689,3.834,3.055,11/1/2013
158,2013.0,http://www.ttnews.com/fuel/comdata2013.htm,11/8,3.669,3.812,2.978,11/8/2013
159,2013.0,http://www.ttnews.com/fuel/comdata2013.htm,11/15,3.654,3.801,2.994,11/15/2013
160,2013.0,http://www.ttnews.com/fuel/comdata2013.htm,11/22,3.652,3.809,3.049,11/22/2013
161,2013.0,http://www.ttnews.com/fuel/comdata2013.htm,11/29,3.699,3.859,3.136,11/29/2013
162,2013.0,http://www.ttnews.com/fuel/comdata2013.htm,12/6,3.73,3.862,3.12,12/6/2013
163,2013.0,http://www.ttnews.com/fuel/comdata2013.htm,12/13,3.723,3.873,3.066,12/13/2013
164,2013.0,http://www.ttnews.com/fuel/comdata2013.htm,12/20,3.715,3.857,3.06,12/20/2013
165,2012.0,http://www.ttnews.com/fuel/comdata2012.htm,12/24 - 12/28,3.725,3.859,3.099, 12/28/2012
166,2012.0,http://www.ttnews.com/fuel/comdata2012.htm,1/2/12 - 1/6/12,3.64,3.774,3.093, 1/6/2012
167,2012.0,http://www.ttnews.com/fuel/comdata2012.htm,1/9 - 1/13,3.682,3.833,3.128, 1/13/2012
168,2012.0,http://www.ttnews.com/fuel/comdata2012.htm,1/16 - 1/20,3.68,3.82,3.074, 1/20/2012
169,2012.0,http://www.ttnews.com/fuel/comdata2012.htm,1/23 - 1/27,3.669,3.797,3.062, 1/27/2012
170,2012.0,http://www.ttnews.com/fuel/comdata2012.htm,1/30 - 2/3,3.694,3.818,3.097, 2/3/2012
171,2012.0,http://www.ttnews.com/fuel/comdata2012.htm,2/6 - 2/10,3.741,3.88,3.219, 2/10/2012
172,2012.0,http://www.ttnews.com/fuel/comdata2012.htm,2/13 - 2/17,3.78,3.911,3.214, 2/17/2012
173,2012.0,http://www.ttnews.com/fuel/comdata2012.htm,2/20 - 2/24,3.83,3.965,3.287, 2/24/2012
174,2012.0,http://www.ttnews.com/fuel/comdata2012.htm,2/27 - 3/2,3.899,4.039,3.31, 3/2/2012
175,2012.0,http://www.ttnews.com/fuel/comdata2012.htm,3/5 - 3/9,3.931,4.055,3.323, 3/9/2012
176,2012.0,http://www.ttnews.com/fuel/comdata2012.htm,3/12 - 3/16,3.956,4.081,3.381, 3/16/2012
177,2012.0,http://www.ttnews.com/fuel/comdata2012.htm,3/19 - 3/23,3.981,4.114,3.383, 3/23/2012
178,2012.0,http://www.ttnews.com/fuel/comdata2012.htm,3/26 - 3/30,3.977,4.112,3.373, 3/30/2012
179,2012.0,http://www.ttnews.com/fuel/comdata2012.htm,4/2 - 4/6,3.985,4.117,3.384, 4/6/2012
180,2012.0,http://www.ttnews.com/fuel/comdata2012.htm,4/9 - 4/13,3.969,4.091,3.314, 4/13/2012
181,2012.0,http://www.ttnews.com/fuel/comdata2012.htm,4/16 - 4/20,3.929,4.057,3.287, 4/20/2012
182,2012.0,http://www.ttnews.com/fuel/comdata2012.htm,4/23 - 4/27,3.896,4.024,3.316, 4/27/2012
183,2012.0,http://www.ttnews.com/fuel/comdata2012.htm,4/30 - 5/4,3.897,4.034,3.306, 5/4/2012
184,2012.0,http://www.ttnews.com/fuel/comdata2012.htm,5/7 - 5/11,3.846,3.978,3.15, 5/11/2012
185,2012.0,http://www.ttnews.com/fuel/comdata2012.htm,5/21 - 5/25,3.749,3.873,3.024, 5/25/2012
186,2012.0,http://www.ttnews.com/fuel/comdata2012.htm,5/28 - 6/1,3.688,3.824,2.967, 6/1/2012
187,2012.0,http://www.ttnews.com/fuel/comdata2012.htm,6/4 - 6/8,3.63,3.756,2.849, 6/8/2012
188,2012.0,http://www.ttnews.com/fuel/comdata2012.htm,6/11 - 6/15,3.579,3.711,2.829, 6/15/2012
189,2012.0,http://www.ttnews.com/fuel/comdata2012.htm,6/18 - 6/22,3.535,3.676,2.818, 6/22/2012
190,2012.0,http://www.ttnews.com/fuel/comdata2012.htm,6/25 - 6/29,3.467,3.616,2.785, 6/29/2012
191,2012.0,http://www.ttnews.com/fuel/comdata2012.htm,7/2 - 7/6,3.486,3.642,2.938, 7/6/2012
192,2012.0,http://www.ttnews.com/fuel/comdata2012.htm,7/9 - 7/13,3.528,3.686,2.957, 7/13/2012
193,2012.0,http://www.ttnews.com/fuel/comdata2012.htm,7/16 - 7/20,3.559,3.72,3.043, 7/20/2012
194,2012.0,http://www.ttnews.com/fuel/comdata2012.htm,7/23 - 7/27,3.646,3.793,3.022, 7/27/2012
195,2012.0,http://www.ttnews.com/fuel/comdata2012.htm,7/30 - 8/3,3.648,3.814,3.086, 8/3/2012
196,2012.0,http://www.ttnews.com/fuel/comdata2012.htm,8/6 - 8/10,3.745,3.919,3.245, 8/10/2012
197,2012.0,http://www.ttnews.com/fuel/comdata2012.htm,8/13 - 8/17,3.839,4.003,3.299, 8/17/2012
198,2012.0,http://www.ttnews.com/fuel/comdata2012.htm,8/20 - 8/24,3.888,4.06,3.347, 8/24/2012
199,2012.0,http://www.ttnews.com/fuel/comdata2012.htm,8/27 - 8/31,3.941,4.103,3.371, 8/31/2012
200,2012.0,http://www.ttnews.com/fuel/comdata2012.htm,9/3 - 9/7,3.965,4.107,3.366, 9/7/2012
201,2012.0,http://www.ttnews.com/fuel/comdata2012.htm,9/10 - 9/14,3.946,4.111,3.385, 9/14/2012
202,2012.0,http://www.ttnews.com/fuel/comdata2012.htm,9/17 - 9/21,3.927,4.091,3.289, 9/21/2012
203,2012.0,http://www.ttnews.com/fuel/comdata2012.htm,9/24 - 9/28,3.876,4.036,3.299, 9/28/2012
204,2012.0,http://www.ttnews.com/fuel/comdata2012.htm,10/1 - 10/5,3.884,4.048,3.361, 10/5/2012
205,2012.0,http://www.ttnews.com/fuel/comdata2012.htm,10/8 - 10/12,3.951,4.142,3.486, 10/12/2012
206,2012.0,http://www.ttnews.com/fuel/comdata2012.htm,10/15 - 10/19,3.952,4.142,3.397, 10/19/2012
207,2012.0,http://www.ttnews.com/fuel/comdata2012.htm,10/22 - 10/26,3.871,4.06,3.22, 10/26/2012
208,2012.0,http://www.ttnews.com/fuel/comdata2012.htm,10/29 - 11/2,3.804,3.988,3.194, 11/2/2012
209,2012.0,http://www.ttnews.com/fuel/comdata2012.htm,11/5 - 11/9,3.777,3.94,3.118, 11/9/2012
210,2012.0,http://www.ttnews.com/fuel/comdata2012.htm,11/12 - 11/16,3.769,3.929,3.133, 11/16/2012
211,2012.0,http://www.ttnews.com/fuel/comdata2012.htm,11/19 - 11/23,3.775,3.952,3.267, 11/23/2012
212,2012.0,http://www.ttnews.com/fuel/comdata2012.htm,11/26 - 11/30,3.84,3.976,3.201, 11/30/2012
213,2012.0,http://www.ttnews.com/fuel/comdata2012.htm,12/3 - 12/7,3.808,3.943,3.137, 12/7/2012
214,2012.0,http://www.ttnews.com/fuel/comdata2012.htm,12/10 - 12/14,3.768,3.906,3.056, 12/14/2012
215,2012.0,http://www.ttnews.com/fuel/comdata2012.htm,12/17 - 12/21,3.731,3.865,3.074, 12/21/2012
216,2011.0,http://www.ttnews.com/fuel/comdata2011.htm,12/26 - 12/30,3.641,3.741,3.326, 12/30/2011
217,2011.0,http://www.ttnews.com/fuel/comdata2011.htm,1/3 - 1/7/11,3.25,3.337,2.599, 1/7/2011
218,2011.0,http://www.ttnews.com/fuel/comdata2011.htm,1/10 - 1/14,3.278,3.358,2.675, 1/14/2011
219,2011.0,http://www.ttnews.com/fuel/comdata2011.htm,1/17 - 1/21,3.334,3.408,2.705, 1/21/2011
220,2011.0,http://www.ttnews.com/fuel/comdata2011.htm,1/24 - 1/28,3.349,3.416,2.708, 1/28/2011
221,2011.0,http://www.ttnews.com/fuel/comdata2011.htm,1/31 - 2/4,3.384,3.455,2.823, 2/4/2011
222,2011.0,http://www.ttnews.com/fuel/comdata2011.htm,2/7 - 2/11,3.439,3.509,2.852, 2/11/2011
223,2011.0,http://www.ttnews.com/fuel/comdata2011.htm,2/14 - 2/18,3.464,3.554,2.899, 2/18/2011
224,2011.0,http://www.ttnews.com/fuel/comdata2011.htm,2/21 - 2/25,3.54,3.634,2.991, 2/25/2011
225,2011.0,http://www.ttnews.com/fuel/comdata2011.htm,2/28 - 3/4,3.684,3.797,3.173, 3/4/2011
226,2011.0,http://www.ttnews.com/fuel/comdata2011.htm,3/7 - 3/11,3.804,3.911,3.213, 3/11/2011
227,2011.0,http://www.ttnews.com/fuel/comdata2011.htm,3/14 - 3/18,3.81,3.913,3.201, 3/18/2011
228,2011.0,http://www.ttnews.com/fuel/comdata2011.htm,3/21 - 3/25,3.816,3.917,3.249, 3/25/2011
229,2011.0,http://www.ttnews.com/fuel/comdata2011.htm,3/28 - 4/1,3.845,3.945,3.248, 4/1/2011
230,2011.0,http://www.ttnews.com/fuel/comdata2011.htm,4/4 - 4/8,3.912,4.015,3.355, 4/8/2011
231,2011.0,http://www.ttnews.com/fuel/comdata2011.htm,4/11 - 4/15,3.999,4.109,3.377, 4/15/2011
232,2011.0,http://www.ttnews.com/fuel/comdata2011.htm,4/18 - 4/22,4.005,4.103,3.364, 4/22/2011
233,2011.0,http://www.ttnews.com/fuel/comdata2011.htm,4/25 - 4/29,4.006,4.104,3.39, 4/29/2011
234,2011.0,http://www.ttnews.com/fuel/comdata2011.htm,5/2 - 5/6,4.017,4.125,3.318, 5/6/2011
235,2011.0,http://www.ttnews.com/fuel/comdata2011.htm,5/9 - 5/13,3.974,4.083,3.198, 5/13/2011
236,2011.0,http://www.ttnews.com/fuel/comdata2011.htm,5/16 - 5/20,3.921,4.025,3.101, 5/20/2011
237,2011.0,http://www.ttnews.com/fuel/comdata2011.htm,5/23 - 5/27,3.854,3.965,3.121, 5/27/2011
238,2011.0,http://www.ttnews.com/fuel/comdata2011.htm,5/30 - 6/3,3.811,3.938,3.187, 6/3/2011
239,2011.0,http://www.ttnews.com/fuel/comdata2011.htm,6/6 - 6/10,3.799,3.931,3.215, 6/10/2011
240,2011.0,http://www.ttnews.com/fuel/comdata2011.htm,6/13 - 6/17,3.811,3.947,3.174, 6/17/2011
241,2011.0,http://www.ttnews.com/fuel/comdata2011.htm,6/20 - 6/24,3.773,3.903,3.038, 6/24/2011
242,2011.0,http://www.ttnews.com/fuel/comdata2011.htm,6/27 - 7/1,3.72,3.834,3.012, 7/1/2011
243,2011.0,http://www.ttnews.com/fuel/comdata2011.htm,7/4 - 7/8,3.704,3.83,3.113, 7/8/2011
244,2011.0,http://www.ttnews.com/fuel/comdata2011.htm,7/11 - 7/15,3.759,3.887,3.197, 7/15/2011
245,2011.0,http://www.ttnews.com/fuel/comdata2011.htm,7/18 - 7/22,3.775,3.912,3.221, 7/22/2011
246,2011.0,http://www.ttnews.com/fuel/comdata2011.htm,7/25 - 7/29,3.791,3.932,3.232, 7/29/2011
247,2011.0,http://www.ttnews.com/fuel/comdata2011.htm,8/1 - 8/5,3.78,3.918,3.186, 8/5/2011
248,2011.0,http://www.ttnews.com/fuel/comdata2011.htm,8/8 - 8/12,3.711,3.858,3.035, 8/12/2011
249,2011.0,http://www.ttnews.com/fuel/comdata2011.htm,8/15 - 8/19,3.677,3.841,3.097, 8/19/2011
250,2011.0,http://www.ttnews.com/fuel/comdata2011.htm,8/22 - 8/26,3.661,3.826,3.12, 8/26/2011
251,2011.0,http://www.ttnews.com/fuel/comdata2011.htm,8/29 - 9/2,3.697,3.869,3.203, 9/2/2011
252,2011.0,http://www.ttnews.com/fuel/comdata2011.htm,9/5 - 9/9,3.718,3.885,3.183, 9/9/2011
253,2011.0,http://www.ttnews.com/fuel/comdata2011.htm,9/12 - 9/16,3.692,3.863,3.111, 9/16/2011
254,2011.0,http://www.ttnews.com/fuel/comdata2011.htm,9/19 - 9/23,3.668,3.846,3.089, 9/23/2011
255,2011.0,http://www.ttnews.com/fuel/comdata2011.htm,9/26 - 9/30,3.62,3.797,3.015, 9/30/2011
256,2011.0,http://www.ttnews.com/fuel/comdata2011.htm,10/3 - 10/7,3.585,3.739,2.952, 10/7/2011
257,2011.0,http://www.ttnews.com/fuel/comdata2011.htm,10/10 - 10/14,3.608,3.762,3.083, 10/14/2011
258,2011.0,http://www.ttnews.com/fuel/comdata2011.htm,10/17 - 10/21,3.677,3.846,3.176, 10/21/2011
259,2011.0,http://www.ttnews.com/fuel/comdata2011.htm,10/24 - 10/28,3.706,3.868,3.219, 10/28/2011
260,2011.0,http://www.ttnews.com/fuel/comdata2011.htm,10/31 - 11/4,3.751,3.926,3.217, 11/4/2011
261,2011.0,http://www.ttnews.com/fuel/comdata2011.htm,11/7 - 11/11,3.786,3.954,3.324, 11/11/2011
262,2011.0,http://www.ttnews.com/fuel/comdata2011.htm,11/14 - 11/18,3.868,4.027,3.313, 11/18/2011
263,2011.0,http://www.ttnews.com/fuel/comdata2011.htm,11/21 - 11/25,3.827,3.993,3.148, 11/25/2011
264,2011.0,http://www.ttnews.com/fuel/comdata2011.htm,11/28 - 12/2,3.794,3.939,3.109, 12/2/2011
265,2011.0,http://www.ttnews.com/fuel/comdata2011.htm,12/5 - 12/9,3.748,3.904,3.059, 12/9/2011
266,2011.0,http://www.ttnews.com/fuel/comdata2011.htm,12/12 - 12/16,3.692,3.841,2.949, 12/16/2011
267,2011.0,http://www.ttnews.com/fuel/comdata2011.htm,12/19 - 12/23,3.636,3.774,2.965, 12/23/2011
268,2010.0,http://www.ttnews.com/fuel/comdata2010.htm,12/27 - 12/31,3.241,3.323,2.6, 12/31/2010
269,2010.0,http://www.ttnews.com/fuel/comdata2010.htm,12/28 - 1/1/10,2.709,2.735,2.131, 1/1/2010
270,2010.0,http://www.ttnews.com/fuel/comdata2010.htm,1/4 - 1/8,2.784,2.824,2.212, 1/8/2010
271,2010.0,http://www.ttnews.com/fuel/comdata2010.htm,1/11 - 1/15,2.823,2.854,2.148, 1/15/2010
272,2010.0,http://www.ttnews.com/fuel/comdata2010.htm,1/18 - 1/22,2.796,2.825,2.067, 1/22/2010
273,2010.0,http://www.ttnews.com/fuel/comdata2010.htm,1/25 - 1/29,2.749,2.777,2.013, 1/29/2010
274,2010.0,http://www.ttnews.com/fuel/comdata2010.htm,2/1 - 2/5,2.715,2.744,2.051, 2/5/2010
275,2010.0,http://www.ttnews.com/fuel/comdata2010.htm,2/8 - 2/12,2.693,2.724,2.008, 2/12/2010
276,2010.0,http://www.ttnews.com/fuel/comdata2010.htm,2/15 - 2/19,2.711,2.739,2.067, 2/19/2010
277,2010.0,http://www.ttnews.com/fuel/comdata2010.htm,2/22 - 2/26,2.783,2.823,2.129, 2/26/2010
278,2010.0,http://www.ttnews.com/fuel/comdata2010.htm,3/1 - 3/5,2.807,2.837,2.161, 3/5/2010
279,2010.0,http://www.ttnews.com/fuel/comdata2010.htm,3/8 - 3/12,2.842,2.877,2.195, 3/12/2010
280,2010.0,http://www.ttnews.com/fuel/comdata2010.htm,3/15 - 3/19,2.861,2.898,2.21, 3/19/2010
281,2010.0,http://www.ttnews.com/fuel/comdata2010.htm,3/22 - 3/26,2.873,2.908,2.199, 3/26/2010
282,2010.0,http://www.ttnews.com/fuel/comdata2010.htm,3/29 - 4/2,2.894,2.933,2.276, 4/2/2010
283,2010.0,http://www.ttnews.com/fuel/comdata2010.htm,4/5 - 4/9,2.98,3.026,2.353, 4/9/2010
284,2010.0,http://www.ttnews.com/fuel/comdata2010.htm,4/12 - 4/16,2.998,3.03,2.332, 4/16/2010
285,2010.0,http://www.ttnews.com/fuel/comdata2010.htm,4/19 - 4/23,2.998,3.023,2.327, 4/23/2010
286,2010.0,http://www.ttnews.com/fuel/comdata2010.htm,4/26 - 4/30,3.019,3.047,2.365, 4/30/2010
287,2010.0,http://www.ttnews.com/fuel/comdata2010.htm,5/3 - 5/7,3.062,3.098,2.335, 5/7/2010
288,2010.0,http://www.ttnews.com/fuel/comdata2010.htm,5/10 - 5/14,3.04,3.062,2.258, 5/14/2010
289,2010.0,http://www.ttnews.com/fuel/comdata2010.htm,5/17 - 5/21,2.992,3.011,2.076, 5/21/2010
290,2010.0,http://www.ttnews.com/fuel/comdata2010.htm,5/24 - 5/28,2.926,2.946,2.044, 5/28/2010
291,2010.0,http://www.ttnews.com/fuel/comdata2010.htm,5/31 - 6/4,2.895,2.924,2.108, 6/4/2010
292,2010.0,http://www.ttnews.com/fuel/comdata2010.htm,6/7 - 6/11,2.867,2.883,2.075, 6/11/2010
293,2010.0,http://www.ttnews.com/fuel/comdata2010.htm,6/14 - 6/18,2.867,2.881,2.141, 6/18/2010
294,2010.0,http://www.ttnews.com/fuel/comdata2010.htm,6/21 - 6/25,2.894,2.916,2.167, 6/25/2010
295,2010.0,http://www.ttnews.com/fuel/comdata2010.htm,6/28 - 7/2,2.882,2.905,2.1, 7/2/2010
296,2010.0,http://www.ttnews.com/fuel/comdata2010.htm,7/5 - 7/9,2.845,2.875,2.06, 7/9/2010
297,2010.0,http://www.ttnews.com/fuel/comdata2010.htm,7/12 - 7/16,2.835,2.865,2.129, 7/16/2010
298,2010.0,http://www.ttnews.com/fuel/comdata2010.htm,7/19 - 7/23,2.837,2.868,2.127, 7/23/2010
299,2010.0,http://www.ttnews.com/fuel/comdata2010.htm,7/26 - 7/30,2.852,2.884,2.14, 7/30/2010
300,2010.0,http://www.ttnews.com/fuel/comdata2010.htm,8/2 - 8/6,2.891,2.935,2.279, 8/6/2010
301,2010.0,http://www.ttnews.com/fuel/comdata2010.htm,8/9 - 8/13,2.919,2.972,2.217, 8/13/2010
302,2010.0,http://www.ttnews.com/fuel/comdata2010.htm,8/16 - 8/20,2.895,2.94,2.153, 8/20/2010
303,2010.0,http://www.ttnews.com/fuel/comdata2010.htm,8/23 - 8/27,2.871,2.914,2.12, 8/27/2010
304,2010.0,http://www.ttnews.com/fuel/comdata2010.htm,8/30 - 9/3,2.861,2.907,2.177, 9/3/2010
305,2010.0,http://www.ttnews.com/fuel/comdata2010.htm,9/6 - 9/10,2.862,2.903,2.207, 9/10/2010
306,2010.0,http://www.ttnews.com/fuel/comdata2010.htm,9/13 - 9/17,2.887,2.937,2.252, 9/17/2010
307,2010.0,http://www.ttnews.com/fuel/comdata2010.htm,9/20 - 9/24,2.887,2.936,2.248, 9/24/2010
308,2010.0,http://www.ttnews.com/fuel/comdata2010.htm,9/27 - 10/1,2.889,2.942,2.268, 10/1/2010
309,2010.0,http://www.ttnews.com/fuel/comdata2010.htm,10/4 - 10/8,2.974,3.041,2.374, 10/8/2010
310,2010.0,http://www.ttnews.com/fuel/comdata2010.htm,10/11 - 10/15,3.004,3.079,2.388, 10/15/2010
311,2010.0,http://www.ttnews.com/fuel/comdata2010.htm,10/18 - 10/22,3.0,3.081,2.384, 10/22/2010
312,2010.0,http://www.ttnews.com/fuel/comdata2010.htm,10/25 - 10/29,2.994,3.1,2.397, 10/29/2010
313,2010.0,http://www.ttnews.com/fuel/comdata2010.htm,11/1 - 11/5,3.005,3.11,2.429, 11/5/2010
314,2010.0,http://www.ttnews.com/fuel/comdata2010.htm,11/8 - 11/12,3.088,3.206,2.562, 11/12/2010
315,2010.0,http://www.ttnews.com/fuel/comdata2010.htm,11/15 - 11/19,3.107,3.221,2.472, 11/19/2010
316,2010.0,http://www.ttnews.com/fuel/comdata2010.htm,11/22 - 11/26,3.088,3.204,2.469, 11/26/2010
317,2010.0,http://www.ttnews.com/fuel/comdata2010.htm,11/29 - 12/3,3.089,3.199,2.523, 12/3/2010
318,2010.0,http://www.ttnews.com/fuel/comdata2010.htm,12/6 - 12/10,3.139,3.234,2.568, 12/10/2010
319,2010.0,http://www.ttnews.com/fuel/comdata2010.htm,12/13 - 12/17,3.162,3.244,2.574, 12/17/2010
320,2010.0,http://www.ttnews.com/fuel/comdata2010.htm,12/20 - 12/24,3.187,3.256,2.593, 12/24/2010
321,2009.0,http://www.ttnews.com/fuel/comdata2009.htm,12/28 - 1/1/10,2.709,2.735,2.131, 1/1/2009
322,2009.0,http://www.ttnews.com/fuel/comdata2009.htm,1/5/09 - 1/9/09,2.274,2.31,1.634, 1/9/2009
323,2009.0,http://www.ttnews.com/fuel/comdata2009.htm,1/12 - 1/16,2.27,2.301,1.544, 1/16/2009
324,2009.0,http://www.ttnews.com/fuel/comdata2009.htm,1/19 - 1/23,2.246,2.275,1.448, 1/23/2009
325,2009.0,http://www.ttnews.com/fuel/comdata2009.htm,1/26 - 1/30,2.215,2.241,1.471, 1/30/2009
326,2009.0,http://www.ttnews.com/fuel/comdata2009.htm,2/2 - 2/6,2.195,2.215,1.447, 2/6/2009
327,2009.0,http://www.ttnews.com/fuel/comdata2009.htm,2/9 - 2/13,2.165,2.179,1.422, 2/13/2009
328,2009.0,http://www.ttnews.com/fuel/comdata2009.htm,2/16 - 2/20,2.118,2.134,1.305, 2/20/2009
329,2009.0,http://www.ttnews.com/fuel/comdata2009.htm,2/23 - 2/27,2.052,2.067,1.305, 2/27/2009
330,2009.0,http://www.ttnews.com/fuel/comdata2009.htm,3/2 - 3/6,2.021,2.036,1.234, 3/6/2009
331,2009.0,http://www.ttnews.com/fuel/comdata2009.htm,3/9 - 3/13,1.981,1.999,1.232, 3/13/2009
332,2009.0,http://www.ttnews.com/fuel/comdata2009.htm,3/16 - 3/20,1.979,2.003,1.339, 3/20/2009
333,2009.0,http://www.ttnews.com/fuel/comdata2009.htm,3/23 - 3/27,2.114,2.163,1.56, 3/27/2009
334,2009.0,http://www.ttnews.com/fuel/comdata2009.htm,3/30 - 4/3,2.17,2.205,1.479, 4/3/2009
335,2009.0,http://www.ttnews.com/fuel/comdata2009.htm,4/6 - 4/10,2.171,2.21,1.52, 4/10/2009
336,2009.0,http://www.ttnews.com/fuel/comdata2009.htm,4/13 - 4/17,2.172,2.209,1.51, 4/17/2009
337,2009.0,http://www.ttnews.com/fuel/comdata2009.htm,4/20 - 4/24,2.161,2.191,1.445, 4/24/2009
338,2009.0,http://www.ttnews.com/fuel/comdata2009.htm,4/27 - 5/1,2.139,2.171,1.413, 5/1/2009
339,2009.0,http://www.ttnews.com/fuel/comdata2009.htm,5/4 - 5/8,2.143,2.17,1.497, 5/8/2009
340,2009.0,http://www.ttnews.com/fuel/comdata2009.htm,5/11 - 5/15,2.175,2.21,1.538, 5/15/2009
341,2009.0,http://www.ttnews.com/fuel/comdata2009.htm,5/18 - 5/22,2.2,2.225,1.566, 5/22/2009
342,2009.0,http://www.ttnews.com/fuel/comdata2009.htm,5/25 - 5/29,2.243,2.278,1.625, 5/29/2009
343,2009.0,http://www.ttnews.com/fuel/comdata2009.htm,6/1 - 6/5,2.376,2.427,1.816, 6/5/2009
344,2009.0,http://www.ttnews.com/fuel/comdata2009.htm,6/8 - 6/12,2.469,2.511,1.866, 6/12/2009
345,2009.0,http://www.ttnews.com/fuel/comdata2009.htm,6/15 - 6/19,2.535,2.575,1.903, 6/19/2009
346,2009.0,http://www.ttnews.com/fuel/comdata2009.htm,6/22 - 6/26,2.547,2.587,1.848, 6/26/2009
347,2009.0,http://www.ttnews.com/fuel/comdata2009.htm,6/30 - 7/3,2.541,2.58,1.858, 7/3/2009
348,2009.0,http://www.ttnews.com/fuel/comdata2009.htm,7/6 - 7/10,2.506,2.537,1.66, 7/10/2009
349,2009.0,http://www.ttnews.com/fuel/comdata2009.htm,7/13 - 7/17,2.446,2.479,1.643, 7/17/2009
350,2009.0,http://www.ttnews.com/fuel/comdata2009.htm,7/20 - 7/24,2.434,2.469,1.81, 7/24/2009
351,2009.0,http://www.ttnews.com/fuel/comdata2009.htm,7/27 - 7/31,2.484,2.524,1.844, 7/31/2009
352,2009.0,http://www.ttnews.com/fuel/comdata2009.htm,8/3 - 8/7,2.532,2.576,1.972, 8/7/2009
353,2009.0,http://www.ttnews.com/fuel/comdata2009.htm,8/10 - 8/14,2.591,2.634,1.982, 8/14/2009
354,2009.0,http://www.ttnews.com/fuel/comdata2009.htm,8/17 - 8/21,2.605,2.636,1.954, 8/21/2009
355,2009.0,http://www.ttnews.com/fuel/comdata2009.htm,8/24 - 8/28,2.614,2.646,1.961, 8/28/2009
356,2009.0,http://www.ttnews.com/fuel/comdata2009.htm,8/31 - 9/4,2.6,2.631,1.849, 9/4/2009
357,2009.0,http://www.ttnews.com/fuel/comdata2009.htm,9/7 - 9/11,2.578,2.61,1.854, 9/11/2009
358,2009.0,http://www.ttnews.com/fuel/comdata2009.htm,9/14 - 9/18,2.561,2.593,1.871, 9/18/2009
359,2009.0,http://www.ttnews.com/fuel/comdata2009.htm,9/21 - 9/25,2.55,2.579,1.844, 9/25/2009
360,2009.0,http://www.ttnews.com/fuel/comdata2009.htm,9/28 - 10/2,2.52,2.548,1.836, 10/2/2009
361,2009.0,http://www.ttnews.com/fuel/comdata2009.htm,10/5 - 10/9,2.521,2.546,1.871, 10/9/2009
362,2009.0,http://www.ttnews.com/fuel/comdata2009.htm,10/12 - 10/16,2.575,2.606,1.996, 10/16/2009
363,2009.0,http://www.ttnews.com/fuel/comdata2009.htm,10/19 - 10/23,2.699,2.742,2.125, 10/23/2009
364,2009.0,http://www.ttnews.com/fuel/comdata2009.htm,10/26 - 10/30,2.751,2.784,2.097, 10/30/2009
365,2009.0,http://www.ttnews.com/fuel/comdata2009.htm,11/2 - 11/6,2.747,2.78,2.084, 11/6/2009
366,2009.0,http://www.ttnews.com/fuel/comdata2009.htm,11/9 - 11/13,2.736,2.77,2.069, 11/13/2009
367,2009.0,http://www.ttnews.com/fuel/comdata2009.htm,11/16 - 11/20,2.729,2.762,2.082, 11/20/2009
368,2009.0,http://www.ttnews.com/fuel/comdata2009.htm,11/23 - 11/27,2.716,2.752,2.034, 11/27/2009
369,2009.0,http://www.ttnews.com/fuel/comdata2009.htm,11/30 - 12/4,2.712,2.747,2.069, 12/4/2009
370,2009.0,http://www.ttnews.com/fuel/comdata2009.htm,12/7 - 12/11,2.701,2.733,1.994, 12/11/2009
371,2009.0,http://www.ttnews.com/fuel/comdata2009.htm,12/14 - 12/18,2.672,2.7,1.972, 12/18/2009
372,2009.0,http://www.ttnews.com/fuel/comdata2009.htm,12/21 - 12/25,2.667,2.692,1.994, 12/25/2009
373,2008.0,http://www.ttnews.com/fuel/comdata2008.htm,12/29 - 1/2/09,2.262,2.296,1.42, 1/2/2008
374,2008.0,http://www.ttnews.com/fuel/comdata2008.htm,1/7/08 - 1/11/08,3.306,3.334,2.63, 1/11/2008
375,2008.0,http://www.ttnews.com/fuel/comdata2008.htm,1/14 - 1/18,3.306,3.273,2.59, 1/18/2008
376,2008.0,http://www.ttnews.com/fuel/comdata2008.htm,1/21 - 1/25,3.211,3.238,2.548, 1/25/2008
377,2008.0,http://www.ttnews.com/fuel/comdata2008.htm,1/28 - 2/1,3.218,3.259,2.63, 2/1/2008
378,2008.0,http://www.ttnews.com/fuel/comdata2008.htm,2/4 - 2/8,3.216,3.247,2.583, 2/8/2008
379,2008.0,http://www.ttnews.com/fuel/comdata2008.htm,2/11 - 2/15,3.272,3.327,2.769, 2/15/2008
380,2008.0,http://www.ttnews.com/fuel/comdata2008.htm,2/18 - 2/22,3.406,3.479,2.923, 2/22/2008
381,2008.0,http://www.ttnews.com/fuel/comdata2008.htm,2/25 - 2/29,3.54,3.596,2.978, 2/29/2008
382,2008.0,http://www.ttnews.com/fuel/comdata2008.htm,3/3 - 3/7,3.636,3.703,3.123, 3/7/2008
383,2008.0,http://www.ttnews.com/fuel/comdata2008.htm,3/10 - 3/14,3.828,3.887,3.292, 3/14/2008
384,2008.0,http://www.ttnews.com/fuel/comdata2008.htm,3/17 - 3/21,3.926,3.97,3.237, 3/21/2008
385,2008.0,http://www.ttnews.com/fuel/comdata2008.htm,3/24 - 3/28,3.9,3.945,3.166, 3/28/2008
386,2008.0,http://www.ttnews.com/fuel/comdata2008.htm,3/31 - 4/4,3.892,3.944,3.21, 4/4/2008
387,2008.0,http://www.ttnews.com/fuel/comdata2008.htm,4/7 - 4/11,3.924,3.992,3.403, 4/11/2008
388,2008.0,http://www.ttnews.com/fuel/comdata2008.htm,4/14 - 4/18,4.023,4.092,3.469, 4/18/2008
389,2008.0,http://www.ttnews.com/fuel/comdata2008.htm,4/21 - 4/25,4.087,4.15,3.472, 4/25/2008
390,2008.0,http://www.ttnews.com/fuel/comdata2008.htm,4/28 - 5/2,4.1,4.151,3.403, 5/2/2008
391,2008.0,http://www.ttnews.com/fuel/comdata2008.htm,5/5 - 5/9,4.125,4.182,3.584, 5/9/2008
392,2008.0,http://www.ttnews.com/fuel/comdata2008.htm,5/12 - 5/16,4.333,4.417,3.79, 5/16/2008
393,2008.0,http://www.ttnews.com/fuel/comdata2008.htm,5/19 - 5/23,4.494,4.558,3.952, 5/23/2008
394,2008.0,http://www.ttnews.com/fuel/comdata2008.htm,5/26 - 5/30,4.64,4.7,3.942, 5/30/2008
395,2008.0,http://www.ttnews.com/fuel/comdata2008.htm,6/2 - 6/6,4.588,4.635,3.756, 6/6/2008
396,2008.0,http://www.ttnews.com/fuel/comdata2008.htm,6/9 - 6/13,4.616,4.679,3.987, 6/13/2008
397,2008.0,http://www.ttnews.com/fuel/comdata2008.htm,6/16 - 6/20,4.596,4.651,3.893, 6/20/2008
398,2008.0,http://www.ttnews.com/fuel/comdata2008.htm,6/23 - 6/27,4.565,4.619,3.894, 6/27/2008
399,2008.0,http://www.ttnews.com/fuel/comdata2008.htm,6/30 - 7/4,4.578,4.641,4.013, 7/4/2008
400,2008.0,http://www.ttnews.com/fuel/comdata2008.htm,7/7 - 7/11,4.653,4.721,3.998, 7/11/2008
401,2008.0,http://www.ttnews.com/fuel/comdata2008.htm,7/14 - 7/18,4.677,4.752,3.995, 7/18/2008
402,2008.0,http://www.ttnews.com/fuel/comdata2008.htm,7/21 - 7/25,4.58,4.634,3.75, 7/25/2008
403,2008.0,http://www.ttnews.com/fuel/comdata2008.htm,7/28 - 8/1,4.473,4.522,3.62, 8/1/2008
404,2008.0,http://www.ttnews.com/fuel/comdata2008.htm,8/4 - 8/8,4.359,4.398,3.406, 8/8/2008
405,2008.0,http://www.ttnews.com/fuel/comdata2008.htm,8/11 - 8/15,4.205,4.243,3.256, 8/15/2008
406,2008.0,http://www.ttnews.com/fuel/comdata2008.htm,8/18 - 8/22,4.095,4.136,3.32, 8/22/2008
407,2008.0,http://www.ttnews.com/fuel/comdata2008.htm,8/25 - 8/29,4.062,4.098,3.379, 8/29/2008
408,2008.0,http://www.ttnews.com/fuel/comdata2008.htm,9/1 - 9/5,4.037,4.072,3.28, 9/5/2008
409,2008.0,http://www.ttnews.com/fuel/comdata2008.htm,9/8 - 9/12,3.96,3.987,3.178, 9/12/2008
410,2008.0,http://www.ttnews.com/fuel/comdata2008.htm,9/15 - 9/19,3.927,3.968,3.086, 9/19/2008
411,2008.0,http://www.ttnews.com/fuel/comdata2008.htm,9/22 - 9/26,3.896,3.939,3.273, 9/26/2008
412,2008.0,http://www.ttnews.com/fuel/comdata2008.htm,9/29 - 10/3,3.872,3.911,3.119, 10/3/2008
413,2008.0,http://www.ttnews.com/fuel/comdata2008.htm,10/6 - 10/10,3.726,3.755,2.771, 10/10/2008
414,2008.0,http://www.ttnews.com/fuel/comdata2008.htm,10/13 - 10/17,3.53,3.564,2.589, 10/17/2008
415,2008.0,http://www.ttnews.com/fuel/comdata2008.htm,10/20 - 10/24,3.346,3.427,2.388, 10/24/2008
416,2008.0,http://www.ttnews.com/fuel/comdata2008.htm,10/27 - 10/31,3.134,3.288,2.203, 10/31/2008
417,2008.0,http://www.ttnews.com/fuel/comdata2008.htm,11/3 - 11/7,2.975,3.158,2.235, 11/7/2008
418,2008.0,http://www.ttnews.com/fuel/comdata2008.htm,11/10 - 11/14,2.839,3.011,2.074, 11/14/2008
419,2008.0,http://www.ttnews.com/fuel/comdata2008.htm,11/17 - 11/21,2.698,2.755,1.856, 11/21/2008
420,2008.0,http://www.ttnews.com/fuel/comdata2008.htm,11/24 - 11/28,2.593,2.629,1.832, 11/28/2008
421,2008.0,http://www.ttnews.com/fuel/comdata2008.htm,12/1 - 12/5,2.534,2.558,1.638, 12/5/2008
422,2008.0,http://www.ttnews.com/fuel/comdata2008.htm,12/8 - 12/12,2.422,2.447,1.462, 12/12/2008
423,2008.0,http://www.ttnews.com/fuel/comdata2008.htm,12/15 - 12/19,2.358,2.39,1.483, 12/19/2008
424,2008.0,http://www.ttnews.com/fuel/comdata2008.htm,12/22 - 12/26,2.315,2.348,1.369, 12/26/2008
425,2007.0,http://www.ttnews.com/fuel/comdata2007.htm,12/31/07 - 1/4/08,3.302,3.342,2.725, 1/4/2007
426,2007.0,http://www.ttnews.com/fuel/comdata2007.htm,1/1 - 1/5,2.525,2.537,1.825, 1/5/2007
427,2007.0,http://www.ttnews.com/fuel/comdata2007.htm,1/8 - 1/12,2.461,2.469,1.719, 1/12/2007
428,2007.0,http://www.ttnews.com/fuel/comdata2007.htm,1/15 - 1/19,2.397,2.414,1.655, 1/19/2007
429,2007.0,http://www.ttnews.com/fuel/comdata2007.htm,1/22 - 1/26,2.366,2.385,1.708, 1/26/2007
430,2007.0,http://www.ttnews.com/fuel/comdata2007.htm,1/29 - 2/2,2.368,2.392,1.778, 2/2/2007
431,2007.0,http://www.ttnews.com/fuel/comdata2007.htm,2/5 - 2/9,2.398,2.425,1.836, 2/9/2007
432,2007.0,http://www.ttnews.com/fuel/comdata2007.htm,2/12 - 2/16,2.426,2.453,1.83, 2/16/2007
433,2007.0,http://www.ttnews.com/fuel/comdata2007.htm,2/19 - 2/23,2.465,2.484,1.905, 2/23/2007
434,2007.0,http://www.ttnews.com/fuel/comdata2007.htm,2/26 - 3/2,2.546,2.575,2.013, 3/2/2007
435,2007.0,http://www.ttnews.com/fuel/comdata2007.htm,3/5 - 3/9,2.603,2.635,2.068, 3/9/2007
436,2007.0,http://www.ttnews.com/fuel/comdata2007.htm,3/12 - 3/16,2.647,2.672,2.047, 3/16/2007
437,2007.0,http://www.ttnews.com/fuel/comdata2007.htm,3/19 - 3/23,2.638,2.659,2.015, 3/23/2007
438,2007.0,http://www.ttnews.com/fuel/comdata2007.htm,3/26 - 3/30,2.691,2.732,2.195, 3/30/2007
439,2007.0,http://www.ttnews.com/fuel/comdata2007.htm,4/2 - 4/6,2.793,2.824,2.254, 4/6/2007
440,2007.0,http://www.ttnews.com/fuel/comdata2007.htm,4/9 - 4/13,2.825,2.85,2.266, 4/13/2007
441,2007.0,http://www.ttnews.com/fuel/comdata2007.htm,4/16 - 4/20,2.834,2.86,2.147, 4/20/2007
442,2007.0,http://www.ttnews.com/fuel/comdata2007.htm,4/23 - 4/27,2.796,2.809,2.147, 4/27/2007
443,2007.0,http://www.ttnews.com/fuel/comdata2007.htm,4/30 - 5/4,2.777,2.788,2.145, 5/4/2007
444,2007.0,http://www.ttnews.com/fuel/comdata2007.htm,5/7 - 5/11,2.745,2.754,2.117, 5/11/2007
445,2007.0,http://www.ttnews.com/fuel/comdata2007.htm,5/14 - 5/18,2.75,2.771,2.178, 5/18/2007
446,2007.0,http://www.ttnews.com/fuel/comdata2007.htm,5/21 - 5/25,2.772,2.795,2.201, 5/25/2007
447,2007.0,http://www.ttnews.com/fuel/comdata2007.htm,5/28 - 6/1,2.766,2.793,2.166, 6/1/2007
448,2007.0,http://www.ttnews.com/fuel/comdata2007.htm,6/4 - 6/8,2.753,2.779,2.183, 6/8/2007
449,2007.0,http://www.ttnews.com/fuel/comdata2007.htm,6/11 - 6/15,2.74,2.76,2.166, 6/15/2007
450,2007.0,http://www.ttnews.com/fuel/comdata2007.htm,6/18 - 6/22,2.775,2.813,2.234, 6/22/2007
451,2007.0,http://www.ttnews.com/fuel/comdata2007.htm,6/25 - 6/29,2.786,2.814,2.213, 6/29/2007
452,2007.0,http://www.ttnews.com/fuel/comdata2007.htm,7/2 - 7/6,2.785,2.815,2.262, 7/6/2007
453,2007.0,http://www.ttnews.com/fuel/comdata2007.htm,7/9 - 7/13,2.824,2.863,2.302, 7/13/2007
454,2007.0,http://www.ttnews.com/fuel/comdata2007.htm,7/16 - 7/20,2.834,2.863,2.254, 7/20/2007
455,2007.0,http://www.ttnews.com/fuel/comdata2007.htm,7/23 - 7/27,2.839,2.869,2.232, 7/27/2007
456,2007.0,http://www.ttnews.com/fuel/comdata2007.htm,7/30 - 8/3,2.843,2.878,2.294, 8/3/2007
457,2007.0,http://www.ttnews.com/fuel/comdata2007.htm,8/6 - 8/10,2.824,2.841,2.185, 8/10/2007
458,2007.0,http://www.ttnews.com/fuel/comdata2007.htm,8/13 - 8/17,2.801,2.83,2.271, 8/17/2007
459,2007.0,http://www.ttnews.com/fuel/comdata2007.htm,8/20 - 8/25,2.819,2.851,2.22, 8/25/2007
460,2007.0,http://www.ttnews.com/fuel/comdata2007.htm,8/27 - 8/31,2.824,2.863,2.274, 8/31/2007
461,2007.0,http://www.ttnews.com/fuel/comdata2007.htm,9/3 - 9/7,2.854,2.899,2.302, 9/7/2007
462,2007.0,http://www.ttnews.com/fuel/comdata2007.htm,9/10 - 9/14,2.885,2.933,2.369, 9/14/2007
463,2007.0,http://www.ttnews.com/fuel/comdata2007.htm,9/17 - 9/21,2.94,2.997,2.437, 9/21/2007
464,2007.0,http://www.ttnews.com/fuel/comdata2007.htm,9/24 - 9/28,2.991,3.04,2.424, 9/28/2007
465,2007.0,http://www.ttnews.com/fuel/comdata2007.htm,10/1 - 10/5,2.986,3.026,2.379, 10/5/2007
466,2007.0,http://www.ttnews.com/fuel/comdata2007.htm,10/8 - 10/12,2.979,3.016,2.389, 10/12/2007
467,2007.0,http://www.ttnews.com/fuel/comdata2007.htm,10/15 - 10/19,3.007,3.048,2.495, 10/19/2007
468,2007.0,http://www.ttnews.com/fuel/comdata2007.htm,10/22 - 10/26,3.047,3.085,2.506, 10/26/2007
469,2007.0,http://www.ttnews.com/fuel/comdata2007.htm,10/29 - 11/2,3.147,3.195,2.654, 11/2/2007
470,2007.0,http://www.ttnews.com/fuel/comdata2007.htm,11/5 - 11/9,3.287,3.347,2.772, 11/9/2007
471,2007.0,http://www.ttnews.com/fuel/comdata2007.htm,11/12 - 11/16,3.345,3.383,2.728, 11/16/2007
472,2007.0,http://www.ttnews.com/fuel/comdata2007.htm,11/19 - 11/23,3.346,3.398,2.806, 11/23/2007
473,2007.0,http://www.ttnews.com/fuel/comdata2007.htm,11/26 - 11/30,3.377,3.423,2.762, 11/30/2007
474,2007.0,http://www.ttnews.com/fuel/comdata2007.htm,12/3 - 12/7,3.308,3.339,2.613, 12/7/2007
475,2007.0,http://www.ttnews.com/fuel/comdata2007.htm,12/10 - 12/14,3.251,3.27,2.621, 12/14/2007
476,2007.0,http://www.ttnews.com/fuel/comdata2007.htm,12/17 - 12/21,3.251,3.281,2.633, 12/21/2007
477,2007.0,http://www.ttnews.com/fuel/comdata2007.htm,12/24 - 12/28,3.275,3.304,2.697, 12/28/2007
478,2006.0,http://www.ttnews.com/fuel/comdata2006.htm,12/25 - 12/29,2.551,2.56,1.877, 12/29/2006
479,2006.0,http://www.ttnews.com/fuel/comdata2006.htm,1/2 - 1/6,2.427,2.455,1.869, 1/6/2006
480,2006.0,http://www.ttnews.com/fuel/comdata2006.htm,1/9 - 1/13,2.435,2.459,1.789, 1/13/2006
481,2006.0,http://www.ttnews.com/fuel/comdata2006.htm,1/16 - 1/20,2.415,2.436,1.818, 1/20/2006
482,2006.0,http://www.ttnews.com/fuel/comdata2006.htm,1/23 - 1/27,2.444,2.476,1.876, 1/27/2006
483,2006.0,http://www.ttnews.com/fuel/comdata2006.htm,1/30 - 2/3,2.454,2.491,1.894, 2/3/2006
484,2006.0,http://www.ttnews.com/fuel/comdata2006.htm,2/6 - 2/10,2.447,2.476,1.822, 2/10/2006
485,2006.0,http://www.ttnews.com/fuel/comdata2006.htm,2/13 - 2/17,2.419,2.448,1.795, 2/17/2006
486,2006.0,http://www.ttnews.com/fuel/comdata2006.htm,2/20 - 2/24,2.417,2.449,1.847, 2/24/2006
487,2006.0,http://www.ttnews.com/fuel/comdata2006.htm,2/27 - 3/3,2.445,2.479,1.913, 3/3/2006
488,2006.0,http://www.ttnews.com/fuel/comdata2006.htm,3/6 - 3/10,2.511,2.55,1.919, 3/10/2006
489,2006.0,http://www.ttnews.com/fuel/comdata2006.htm,3/13 - 3/17,2.522,2.56,1.968, 3/17/2006
490,2006.0,http://www.ttnews.com/fuel/comdata2006.htm,3/20 - 3/24,2.533,2.56,1.909, 3/24/2006
491,2006.0,http://www.ttnews.com/fuel/comdata2006.htm,3/27 - 4/3,2.546,2.581,2.001, 4/3/2006
492,2006.0,http://www.ttnews.com/fuel/comdata2006.htm,4/3 - 4/7,2.594,2.634,2.043, 4/7/2006
493,2006.0,http://www.ttnews.com/fuel/comdata2006.htm,4/10 - 4/14,2.668,2.717,2.157, 4/14/2006
494,2006.0,http://www.ttnews.com/fuel/comdata2006.htm,4/17 - 4/21,2.778,2.827,2.276, 4/21/2006
495,2006.0,http://www.ttnews.com/fuel/comdata2006.htm,4/24 - 4/28,2.843,2.889,2.277, 4/28/2006
496,2006.0,http://www.ttnews.com/fuel/comdata2006.htm,5/1 - 5/5,2.848,2.896,2.253, 5/5/2006
497,2006.0,http://www.ttnews.com/fuel/comdata2006.htm,5/8 - 5/12,2.839,2.89,2.282, 5/12/2006
498,2006.0,http://www.ttnews.com/fuel/comdata2006.htm,5/15 - 5/19,2.845,2.893,2.184, 5/19/2006
499,2006.0,http://www.ttnews.com/fuel/comdata2006.htm,5/22 - 5/26,2.823,2.87,2.217, 5/26/2006
500,2006.0,http://www.ttnews.com/fuel/comdata2006.htm,5/29 - 6/2,2.819,2.87,2.246, 6/2/2006
501,2006.0,http://www.ttnews.com/fuel/comdata2006.htm,6/5 - 6/9,2.849,2.895,2.306, 6/9/2006
502,2006.0,http://www.ttnews.com/fuel/comdata2006.htm,6/12 - 6/16,2.866,2.915,2.266, 6/16/2006
503,2006.0,http://www.ttnews.com/fuel/comdata2006.htm,6/19 - 6/23,2.835,2.871,2.168, 6/23/2006
504,2006.0,http://www.ttnews.com/fuel/comdata2006.htm,6/26 - 6/30,2.831,2.872,2.272, 6/30/2006
505,2006.0,http://www.ttnews.com/fuel/comdata2006.htm,7/3 - 7/7,2.868,2.914,2.335, 7/7/2006
506,2006.0,http://www.ttnews.com/fuel/comdata2006.htm,7/10 - 7/14,2.869,2.909,2.285, 7/14/2006
507,2006.0,http://www.ttnews.com/fuel/comdata2006.htm,7/17 - 7/21,2.894,2.94,2.352, 7/21/2006
508,2006.0,http://www.ttnews.com/fuel/comdata2006.htm,7/24 - 7/28,2.92,2.962,2.4, 7/28/2006
509,2006.0,http://www.ttnews.com/fuel/comdata2006.htm,7/31 - 8/4,2.962,3.014,2.482, 8/4/2006
510,2006.0,http://www.ttnews.com/fuel/comdata2006.htm,8/7 - 8/11,3.018,3.073,2.485, 8/11/2006
511,2006.0,http://www.ttnews.com/fuel/comdata2006.htm,8/14 - 8/18,3.001,3.041,2.424, 8/18/2006
512,2006.0,http://www.ttnews.com/fuel/comdata2006.htm,8/21 - 8/25,2.979,3.021,2.436, 8/25/2006
513,2006.0,http://www.ttnews.com/fuel/comdata2006.htm,8/28 - 9/1,2.945,2.986,2.295, 9/1/2006
514,2006.0,http://www.ttnews.com/fuel/comdata2006.htm,9/4 - 9/8,2.867,2.897,2.147, 9/8/2006
515,2006.0,http://www.ttnews.com/fuel/comdata2006.htm,9/11 - 9/15,2.733,2.755,1.873, 9/15/2006
516,2006.0,http://www.ttnews.com/fuel/comdata2006.htm,9/18 - 9/22,2.605,2.623,1.804, 9/22/2006
517,2006.0,http://www.ttnews.com/fuel/comdata2006.htm,9/25 - 9/29,2.513,2.526,1.847, 9/29/2006
518,2006.0,http://www.ttnews.com/fuel/comdata2006.htm,10/2 - 10/6,2.48,2.495,1.815, 10/6/2006
519,2006.0,http://www.ttnews.com/fuel/comdata2006.htm,10/9 - 10/13,2.464,2.48,1.856, 10/13/2006
520,2006.0,http://www.ttnews.com/fuel/comdata2006.htm,10/16 - 10/20,2.476,2.507,1.91, 10/20/2006
521,2006.0,http://www.ttnews.com/fuel/comdata2006.htm,10/23 - 10/27,2.477,2.502,1.87, 10/27/2006
522,2006.0,http://www.ttnews.com/fuel/comdata2006.htm,10/30 - 11/3,2.469,2.49,1.825, 11/3/2006
523,2006.0,http://www.ttnews.com/fuel/comdata2006.htm,11/6 - 11/10,2.483,2.512,1.952, 11/10/2006
524,2006.0,http://www.ttnews.com/fuel/comdata2006.htm,11/13 - 11/17,2.506,2.531,1.905, 11/17/2006
525,2006.0,http://www.ttnews.com/fuel/comdata2006.htm,11/20 - 11/24,2.512,2.543,1.964, 11/24/2006
526,2006.0,http://www.ttnews.com/fuel/comdata2006.htm,11/27 - 12/1,2.533,2.562,1.98, 12/1/2006
527,2006.0,http://www.ttnews.com/fuel/comdata2006.htm,12/4 - 12/8,2.57,2.593,1.953, 12/8/2006
528,2006.0,http://www.ttnews.com/fuel/comdata2006.htm,12/11 - 12/15,2.556,2.576,1.914, 12/15/2006
529,2006.0,http://www.ttnews.com/fuel/comdata2006.htm,12/18 - 12/22,2.559,2.576,1.914, 12/22/2006
530,2005.0,http://www.ttnews.com/fuel/comdataopis2005.asp,6/27-7/1,2.307,2.339,1.722,7/1/2005
531,2005.0,http://www.ttnews.com/fuel/comdataopis2005.asp,1/3-1/7/2005,1.907,1.934,1.249,1/7/2005
532,2005.0,http://www.ttnews.com/fuel/comdataopis2005.asp,1/10-1/14,1.906,1.928,1.323,1/14/2005
533,2005.0,http://www.ttnews.com/fuel/comdataopis2005.asp,1/17-1/21,1.93,1.953,1.367,1/21/2005
534,2005.0,http://www.ttnews.com/fuel/comdataopis2005.asp,1/24-1/28,1.952,1.974,1.411,1/28/2005
535,2005.0,http://www.ttnews.com/fuel/comdataopis2005.asp,1/31-2/4,1.964,1.989,1.366,2/4/2005
536,2005.0,http://www.ttnews.com/fuel/comdataopis2005.asp,2/7-2/11,1.946,1.97,1.344,2/11/2005
537,2005.0,http://www.ttnews.com/fuel/comdataopis2005.asp,2/14-2/18,1.954,1.979,1.402,2/18/2005
538,2005.0,http://www.ttnews.com/fuel/comdataopis2005.asp,2/21-2/25,2.018,2.033,1.509,2/25/2005
539,2005.0,http://www.ttnews.com/fuel/comdataopis2005.asp,2/28-3/4,2.1,2.125,1.573,3/4/2005
540,2005.0,http://www.ttnews.com/fuel/comdataopis2005.asp,3/7-3/11,2.138,2.166,1.587,3/11/2005
541,2005.0,http://www.ttnews.com/fuel/comdataopis2005.asp,3/14-3/18,2.174,2.197,1.64,3/18/2005
542,2005.0,http://www.ttnews.com/fuel/comdataopis2005.asp,3/21-3/25,2.214,2.244,1.652,3/25/2005
543,2005.0,http://www.ttnews.com/fuel/comdataopis2005.asp,3/28-4/1,2.221,2.247,1.672,4/1/2005
544,2005.0,http://www.ttnews.com/fuel/comdataopis2005.asp,4/4-4/8,2.294,2.325,1.734,4/8/2005
545,2005.0,http://www.ttnews.com/fuel/comdataopis2005.asp,4/11-4/15,2.25,2.284,1.622,4/15/2005
546,2005.0,http://www.ttnews.com/fuel/comdataopis2005.asp,4/18-4/22,2.224,2.251,1.655,4/22/2005
547,2005.0,http://www.ttnews.com/fuel/comdataopis2005.asp,4/25-4/29,2.244,2.276,1.667,4/29/2005
548,2005.0,http://www.ttnews.com/fuel/comdataopis2005.asp,5/2-5/6,2.201,2.235,1.594,5/6/2005
549,2005.0,http://www.ttnews.com/fuel/comdataopis2005.asp,5/9-5/13,2.17,2.207,1.564,5/13/2005
550,2005.0,http://www.ttnews.com/fuel/comdataopis2005.asp,5/16-5/20,2.133,2.167,1.514,5/20/2005
551,2005.0,http://www.ttnews.com/fuel/comdataopis2005.asp,5/23-5/27,2.115,2.14,1.53,5/27/2005
552,2005.0,http://www.ttnews.com/fuel/comdataopis2005.asp,5/30-6/3,2.137,2.164,1.612,6/3/2005
553,2005.0,http://www.ttnews.com/fuel/comdataopis2005.asp,6/6-6/10,2.227,2.257,1.7,6/10/2005
554,2005.0,http://www.ttnews.com/fuel/comdataopis2005.asp,6/13-6/17,2.264,2.294,1.724,6/17/2005
555,2005.0,http://www.ttnews.com/fuel/comdataopis2005.asp,6/20-6/24,2.292,2.325,1.742,6/24/2005
556,2004.0,http://www.ttnews.com/fuel/comdata2004.asp,12/27-12/31,1.94,1.964,1.264,12/31/2004
557,2004.0,http://www.ttnews.com/fuel/comdata2004.asp,12/29/2003-1/2/2004,1.481,1.497,0.931,1/2/2004
558,2004.0,http://www.ttnews.com/fuel/comdata2004.asp,1/5-1/9,1.497,1.516,0.97,1/9/2004
559,2004.0,http://www.ttnews.com/fuel/comdata2004.asp,1/12-1/16,1.538,1.559,0.989,1/16/2004
560,2004.0,http://www.ttnews.com/fuel/comdata2004.asp,1/19-1/23,1.55,1.567,1.018,1/23/2004
561,2004.0,http://www.ttnews.com/fuel/comdata2004.asp,1/26-1/30,1.571,1.593,1.002,1/30/2004
562,2004.0,http://www.ttnews.com/fuel/comdata2004.asp,2/2-2/6,1.555,1.579,0.962,2/6/2004
563,2004.0,http://www.ttnews.com/fuel/comdata2004.asp,2/9-2/13,1.543,1.562,0.965,2/13/2004
564,2004.0,http://www.ttnews.com/fuel/comdata2004.asp,2/16-2/20,1.563,1.583,1.019,2/20/2004
565,2004.0,http://www.ttnews.com/fuel/comdata2004.asp,2/23-2/27,1.57,1.588,1.013,2/27/2004
566,2004.0,http://www.ttnews.com/fuel/comdata2004.asp,3/1-3/5,1.599,1.62,1.055,3/5/2004
567,2004.0,http://www.ttnews.com/fuel/comdata2004.asp,3/8-3/12,1.594,1.618,1.019,3/12/2004
568,2004.0,http://www.ttnews.com/fuel/comdata2004.asp,3/15-3/19,1.596,1.615,1.048,3/19/2004
569,2004.0,http://www.ttnews.com/fuel/comdata2004.asp,3/22-3/26,1.611,1.633,1.064,3/26/2004
570,2004.0,http://www.ttnews.com/fuel/comdata2004.asp,3/29-4/2,1.615,1.64,1.06,4/2/2004
571,2004.0,http://www.ttnews.com/fuel/comdata2004.asp,4/5-4/9,1.623,1.642,1.071,4/9/2004
572,2004.0,http://www.ttnews.com/fuel/comdata2004.asp,4/12-4/16,1.611,1.679,1.142,4/16/2004
573,2004.0,http://www.ttnews.com/fuel/comdata2004.asp,4/19-4/23,1.682,1.708,1.123,4/23/2004
574,2004.0,http://www.ttnews.com/fuel/comdata2004.asp,4/26-4/30,1.672,1.698,1.099,4/30/2004
575,2004.0,http://www.ttnews.com/fuel/comdata2004.asp,5/3-5/7,1.679,1.703,1.137,5/7/2004
576,2004.0,http://www.ttnews.com/fuel/comdata2004.asp,5/10-5/14,1.707,1.729,1.166,5/14/2004
577,2004.0,http://www.ttnews.com/fuel/comdata2004.asp,5/17-5/21,1.718,1.743,1.163,5/21/2004
578,2004.0,http://www.ttnews.com/fuel/comdata2004.asp,5/24-5/28,1.713,1.74,1.163,5/28/2004
579,2004.0,http://www.ttnews.com/fuel/comdata2004.asp,5/31-6/4,1.7,1.727,1.11,6/4/2004
580,2004.0,http://www.ttnews.com/fuel/comdata2004.asp,6/7-6/11,1.682,1.706,1.11,6/11/2004
581,2004.0,http://www.ttnews.com/fuel/comdata2004.asp,6/14-6/18,1.666,1.697,1.072,6/18/2004
582,2004.0,http://www.ttnews.com/fuel/comdata2004.asp,6/21-6/25,1.661,1.683,1.097,6/25/2004
583,2004.0,http://www.ttnews.com/fuel/comdata2004.asp,6/28-7/2,1.663,1.683,1.099,7/2/2004
584,2004.0,http://www.ttnews.com/fuel/comdata2004.asp,7/5-7/9,1.685,1.707,1.159,7/9/2004
585,2004.0,http://www.ttnews.com/fuel/comdata2004.asp,7/12-7/16,1.706,1.727,1.156,7/16/2004
586,2004.0,http://www.ttnews.com/fuel/comdata2004.asp,7/19-7/23,1.712,1.733,1.168,7/23/2004
587,2004.0,http://www.ttnews.com/fuel/comdata2004.asp,7/26-7/30,1.732,1.751,1.168,7/30/2004
588,2004.0,http://www.ttnews.com/fuel/comdata2004.asp,8/2-8/6,1.766,1.786,1.244,8/6/2004
589,2004.0,http://www.ttnews.com/fuel/comdata2004.asp,8/9-8/13,1.784,1.808,1.248,8/13/2004
590,2004.0,http://www.ttnews.com/fuel/comdata2004.asp,8/16-8/20,1.814,1.836,1.299,8/20/2004
591,2004.0,http://www.ttnews.com/fuel/comdata2004.asp,8/23-8/27,1.845,1.869,1.278,8/27/2004
592,2004.0,http://www.ttnews.com/fuel/comdata2004.asp,8/30-9/3,1.828,1.854,1.258,9/3/2004
593,2004.0,http://www.ttnews.com/fuel/comdata2004.asp,9/6-9/10,1.833,1.857,1.29,9/10/2004
594,2004.0,http://www.ttnews.com/fuel/comdata2004.asp,9/13-9/17,1.851,1.857,1.29,9/17/2004
595,2004.0,http://www.ttnews.com/fuel/comdata2004.asp,9/20-9/24,1.921,1.937,1.419,9/24/2004
596,2004.0,http://www.ttnews.com/fuel/comdata2004.asp,9/27-10/1,1.996,2.023,1.478,10/1/2004
597,2004.0,http://www.ttnews.com/fuel/comdata2004.asp,10/4-10/8,2.033,2.059,1.504,10/8/2004
598,2004.0,http://www.ttnews.com/fuel/comdata2004.asp,10/11-10/15,2.085,2.104,1.57,10/15/2004
599,2004.0,http://www.ttnews.com/fuel/comdata2004.asp,10/18-10/22,2.156,2.183,1.619,10/22/2004
600,2004.0,http://www.ttnews.com/fuel/comdata2004.asp,10/25-10/29,2.178,2.21,1.601,10/29/2004
601,2004.0,http://www.ttnews.com/fuel/comdata2004.asp,11/1-11/5,2.145,2.178,1.474,11/5/2004
602,2004.0,http://www.ttnews.com/fuel/comdata2004.asp,11/8-11/12,2.101,2.315,1.429,11/12/2004
603,2004.0,http://www.ttnews.com/fuel/comdata2004.asp,11/15-11/19,2.073,2.102,1.421,11/19/2004
604,2004.0,http://www.ttnews.com/fuel/comdata2004.asp,11/22-11/26,2.073,2.105,1.488,11/26/2004
605,2004.0,http://www.ttnews.com/fuel/comdata2004.asp,11/29-12/3,2.06,2.094,1.4,12/3/2004
606,2004.0,http://www.ttnews.com/fuel/comdata2004.asp,12/6-12/10,1.985,2.02,1.233,12/10/2004
607,2004.0,http://www.ttnews.com/fuel/comdata2004.asp,12/13-12/17,1.947,1.971,1.306,12/17/2004
608,2004.0,http://www.ttnews.com/fuel/comdata2004.asp,12/20-12/24,1.96,1.984,1.373,12/24/2004
609,2003.0,http://www.ttnews.com/fuel/comdata2003.asp,12/22-12/26,1.481,1.496,0.921,12/26/2003
610,2003.0,http://www.ttnews.com/fuel/comdata2003.asp,12/30/2002-1/04/2003,1.475,1.492,0.924,1/04/2003
611,2003.0,http://www.ttnews.com/fuel/comdata2003.asp,1/06-1/11,1.468,1.492,0.893,1/11/2003
612,2003.0,http://www.ttnews.com/fuel/comdata2003.asp,1/13-1/18,1.457,1.477,0.898,1/18/2003
613,2003.0,http://www.ttnews.com/fuel/comdata2003.asp,1/20-1/25,1.46,1.481,0.915,1/25/2003
614,2003.0,http://www.ttnews.com/fuel/comdata2003.asp,1/27-2/01,1.492,1.51,0.975,2/01/2003
615,2003.0,http://www.ttnews.com/fuel/comdata2003.asp,2/03-2/08,1.556,1.569,1.044,2/08/2003
616,2003.0,http://www.ttnews.com/fuel/comdata2003.asp,2/10-2/15,1.675,1.699,1.142,2/15/2003
617,2003.0,http://www.ttnews.com/fuel/comdata2003.asp,2/17-2/22,1.682,1.707,1.144,2/22/2003
618,2003.0,http://www.ttnews.com/fuel/comdata2003.asp,2/24-3/1,1.705,1.727,1.191,3/1/2003
619,2003.0,http://www.ttnews.com/fuel/comdata2003.asp,3/3-3/8,1.738,1.764,1.199,3/8/2003
620,2003.0,http://www.ttnews.com/fuel/comdata2003.asp,3/10-3/15,1.741,1.769,1.174,3/15/2003
621,2003.0,http://www.ttnews.com/fuel/comdata2003.asp,3/17-3/22,1.684,1.717,1.014,3/22/2003
622,2003.0,http://www.ttnews.com/fuel/comdata2003.asp,3/24-3/29,1.596,1.624,0.913,3/29/2003
623,2003.0,http://www.ttnews.com/fuel/comdata2003.asp,3/31-4/5,1.552,1.588,0.932,4/5/2003
624,2003.0,http://www.ttnews.com/fuel/comdata2003.asp,4/7-4/12,1.516,1.537,0.917,4/12/2003
625,2003.0,http://www.ttnews.com/fuel/comdata2003.asp,4/14-4/19,1.512,1.527,0.936,4/19/2003
626,2003.0,http://www.ttnews.com/fuel/comdata2003.asp,4/21-4/26,1.495,1.516,0.917,4/26/2003
627,2003.0,http://www.ttnews.com/fuel/comdata2003.asp,4/28-5/3,1.445,1.478,0.829,5/3/2003
628,2003.0,http://www.ttnews.com/fuel/comdata2003.asp,5/5-5/10,1.419,1.44,0.813,5/10/2003
629,2003.0,http://www.ttnews.com/fuel/comdata2003.asp,5/12-5/17,1.405,1.426,0.835,5/17/2003
630,2003.0,http://www.ttnews.com/fuel/comdata2003.asp,5/19-5/24,1.403,1.424,0.824,5/24/2003
631,2003.0,http://www.ttnews.com/fuel/comdata2003.asp,5/26-5/31,1.39,1.412,0.806,5/31/2003
632,2003.0,http://www.ttnews.com/fuel/comdata2003.asp,6/2-6/7,1.39,1.408,0.823,6/7/2003
633,2003.0,http://www.ttnews.com/fuel/comdata2003.asp,6/9-6/14,1.395,1.414,0.845,6/14/2003
634,2003.0,http://www.ttnews.com/fuel/comdata2003.asp,6/16-6/21,1.393,1.417,0.814,6/21/2003
635,2003.0,http://www.ttnews.com/fuel/comdata2003.asp,6/23-6/28,1.389,1.408,0.821,6/28/2003
636,2003.0,http://www.ttnews.com/fuel/comdata2003.asp,6/30-7/5,1.39,1.409,0.841,7/5/2003
637,2003.0,http://www.ttnews.com/fuel/comdata2003.asp,7/7-7/12,1.397,1.417,0.846,7/12/2003
638,2003.0,http://www.ttnews.com/fuel/comdata2003.asp,7/14-7/19,1.407,1.428,0.854,7/19/2003
639,2003.0,http://www.ttnews.com/fuel/comdata2003.asp,7/21-7/26,1.409,1.427,0.84,7/26/2003
640,2003.0,http://www.ttnews.com/fuel/comdata2003.asp,7/28-8/2,1.409,1.428,0.859,8/2/2003
641,2003.0,http://www.ttnews.com/fuel/comdata2003.asp,8/4-8/9,1.445,1.462,0.917,8/9/2003
642,2003.0,http://www.ttnews.com/fuel/comdata2003.asp,8/11-8/16,1.463,1.482,0.902,8/16/2003
643,2003.0,http://www.ttnews.com/fuel/comdata2003.asp,8/18-8/23,1.465,1.485,0.894,8/23/2003
644,2003.0,http://www.ttnews.com/fuel/comdata2003.asp,8/25-8/30,1.471,1.491,0.907,8/30/2003
645,2003.0,http://www.ttnews.com/fuel/comdata2003.asp,9/1-9/6,1.462,1.483,0.872,9/6/2003
646,2003.0,http://www.ttnews.com/fuel/comdata2003.asp,9/8-9/13,1.443,1.465,0.838,9/13/2003
647,2003.0,http://www.ttnews.com/fuel/comdata2003.asp,9/15-9/20,1.425,1.447,0.802,9/20/2003
648,2003.0,http://www.ttnews.com/fuel/comdata2003.asp,9/22-9/27,1.399,1.42,0.79,9/27/2003
649,2003.0,http://www.ttnews.com/fuel/comdata2003.asp,9/29-10/4,1.399,1.417,0.846,10/4/2003
650,2003.0,http://www.ttnews.com/fuel/comdata2003.asp,10/6-10/10,1.428,1.445,0.898,10/10/2003
651,2003.0,http://www.ttnews.com/fuel/comdata2003.asp,10/13-10/17,1.469,1.488,0.946,10/17/2003
652,2003.0,http://www.ttnews.com/fuel/comdata2003.asp,10/20-10/24,0.0,1.494,0.901,10/24/2003
653,2003.0,http://www.ttnews.com/fuel/comdata2003.asp,10/27-10/31,1.458,1.483,0.874,10/31/2003
654,2003.0,http://www.ttnews.com/fuel/comdata2003.asp,11/3-11/7,1.445,1.467,0.861,11/7/2003
655,2003.0,http://www.ttnews.com/fuel/comdata2003.asp,11/10-11/14,1.445,1.465,0.894,11/14/2003
656,2003.0,http://www.ttnews.com/fuel/comdata2003.asp,11/17-11/21,1.447,1.477,0.916,11/21/2003
657,2003.0,http://www.ttnews.com/fuel/comdata2003.asp,11/24-11/28,1.453,1.477,0.877,11/28/2003
658,2003.0,http://www.ttnews.com/fuel/comdata2003.asp,12/1-12/5,1.446,1.467,0.888,12/5/2003
659,2003.0,http://www.ttnews.com/fuel/comdata2003.asp,12/8-12/12,1.454,1.473,0.904,12/12/2003
660,2003.0,http://www.ttnews.com/fuel/comdata2003.asp,12/15-12/19,1.463,1.482,0.933,12/19/2003
661,2002.0,http://www.ttnews.com/fuel/comdataopis2002.htm,12/23-12/27,1.441,1.449,0.925,12/27/2002
662,2002.0,http://www.ttnews.com/fuel/comdataopis2002.htm,12/31/2001-1/05/2002,1.133,1.154,0.576,1/05/2002
663,2002.0,http://www.ttnews.com/fuel/comdataopis2002.htm,1/07-1/12,1.138,1.154,0.573,1/12/2002
664,2002.0,http://www.ttnews.com/fuel/comdataopis2002.htm,1/14-1/19,1.126,1.141,0.539,1/19/2002
665,2002.0,http://www.ttnews.com/fuel/comdataopis2002.htm,1/21-1/26,1.114,1.129,0.55,1/26/2002
666,2002.0,http://www.ttnews.com/fuel/comdataopis2002.htm,1/28-2/02,1.114,1.134,0.563,2/02/2002
667,2002.0,http://www.ttnews.com/fuel/comdataopis2002.htm,2/04-2/09,1.122,1.138,0.573,2/09/2002
668,2002.0,http://www.ttnews.com/fuel/comdataopis2002.htm,2/11-2/16,1.127,1.142,0.582,2/16/2002
669,2002.0,http://www.ttnews.com/fuel/comdataopis2002.htm,2/18-2/23,1.13,1.146,0.583,2/23/2002
670,2002.0,http://www.ttnews.com/fuel/comdataopis2002.htm,2/25-3/02,1.133,1.148,0.593,3/02/2002
671,2002.0,http://www.ttnews.com/fuel/comdataopis2002.htm,3/4-3/9,1.163,1.182,0.644,3/9/2002
672,2002.0,http://www.ttnews.com/fuel/comdataopis2002.htm,3/11-3/16,1.213,1.221,0.686,3/16/2002
673,2002.0,http://www.ttnews.com/fuel/comdataopis2002.htm,3/18-3/23,1.243,1.258,0.715,3/23/2002
674,2002.0,http://www.ttnews.com/fuel/comdataopis2002.htm,3/25-3/30,1.259,1.277,0.72,3/30/2002
675,2002.0,http://www.ttnews.com/fuel/comdataopis2002.htm,4/1-4/6,1.29,1.322,0.758,4/6/2002
676,2002.0,http://www.ttnews.com/fuel/comdataopis2002.htm,4/8-4/13,1.297,1.318,0.743,4/13/2002
677,2002.0,http://www.ttnews.com/fuel/comdataopis2002.htm,4/15-4/20,1.286,1.306,0.705,4/20/2002
678,2002.0,http://www.ttnews.com/fuel/comdataopis2002.htm,4/22-4/27,1.277,1.296,0.722,4/27/2002
679,2002.0,http://www.ttnews.com/fuel/comdataopis2002.htm,4/29-5/4,1.28,1.299,0.733,5/4/2002
680,2002.0,http://www.ttnews.com/fuel/comdataopis2002.htm,5/6-5/11,1.276,1.296,0.714,5/11/2002
681,2002.0,http://www.ttnews.com/fuel/comdataopis2002.htm,5/13-5/18,1.279,1.297,0.74,5/18/2002
682,2002.0,http://www.ttnews.com/fuel/comdataopis2002.htm,5/20-5/25,1.284,1.303,0.732,5/25/2002
683,2002.0,http://www.ttnews.com/fuel/comdataopis2002.htm,5/27-6/1,1.277,1.299,0.705,6/1/2002
684,2002.0,http://www.ttnews.com/fuel/comdataopis2002.htm,6/3-6/8,1.266,1.286,0.687,6/8/2002
685,2002.0,http://www.ttnews.com/fuel/comdataopis2002.htm,6/10-6/15,1.253,1.273,0.683,6/15/2002
686,2002.0,http://www.ttnews.com/fuel/comdataopis2002.htm,6/17-6/22,1.254,1.273,0.704,6/22/2002
687,2002.0,http://www.ttnews.com/fuel/comdataopis2002.htm,6/24-6/28,1.257,1.274,0.708,6/28/2002
688,2002.0,http://www.ttnews.com/fuel/comdataopis2002.htm,7/1-7/5,1.262,1.281,0.724,7/5/2002
689,2002.0,http://www.ttnews.com/fuel/comdataopis2002.htm,7/8-7/12,1.268,1.285,0.721,7/12/2002
690,2002.0,http://www.ttnews.com/fuel/comdataopis2002.htm,7/15-7/19,1.28,1.297,0.747,7/19/2002
691,2002.0,http://www.ttnews.com/fuel/comdataopis2002.htm,7/22-7/26,1.283,1.303,0.721,7/26/2002
692,2002.0,http://www.ttnews.com/fuel/comdataopis2002.htm,7/29-8/2,1.278,1.297,0.727,8/2/2002
693,2002.0,http://www.ttnews.com/fuel/comdataopis2002.htm,8/5-8/9,1.278,1.296,0.726,8/9/2002
694,2002.0,http://www.ttnews.com/fuel/comdataopis2002.htm,8/12-8/16,1.284,1.301,0.756,8/16/2002
695,2002.0,http://www.ttnews.com/fuel/comdataopis2002.htm,8/19-8/23,1.322,1.341,0.812,8/23/2002
696,2002.0,http://www.ttnews.com/fuel/comdataopis2002.htm,8/26-8/30,1.35,1.368,0.829,8/30/2002
697,2002.0,http://www.ttnews.com/fuel/comdataopis2002.htm,9/2-9/6,1.362,1.382,0.834,9/6/2002
698,2002.0,http://www.ttnews.com/fuel/comdataopis2002.htm,9/9-9-13,1.377,1.398,0.857,9/13/2002
699,2002.0,http://www.ttnews.com/fuel/comdataopis2002.htm,9/16-9/20,1.387,1.409,0.861,9/20/2002
700,2002.0,http://www.ttnews.com/fuel/comdataopis2002.htm,9/23-9/27,1.4,1.42,0.88,9/27/2002
701,2002.0,http://www.ttnews.com/fuel/comdataopis2002.htm,9/30-10/4,1.421,1.442,0.901,10/4/2002
702,2002.0,http://www.ttnews.com/fuel/comdataopis2002.htm,10/7-10/11,1.434,1.458,0.895,10/11/2002
703,2002.0,http://www.ttnews.com/fuel/comdataopis2002.htm,10/14-10/18,1.441,1.464,0.909,10/18/2002
704,2002.0,http://www.ttnews.com/fuel/comdataopis2002.htm,10/21-10/25,1.44,1.464,0.872,10/25/2002
705,2002.0,http://www.ttnews.com/fuel/comdataopis2002.htm,10/28-11/1,1.424,1.449,0.849,11/1/2002
706,2002.0,http://www.ttnews.com/fuel/comdataopis2002.htm,11/4-11/8,1.41,1.434,0.828,11/8/2002
707,2002.0,http://www.ttnews.com/fuel/comdataopis2002.htm,11/11-11/15,1.389,1.414,0.786,11/15/2002
708,2002.0,http://www.ttnews.com/fuel/comdataopis2002.htm,11/18-11/22,1.376,1.396,0.817,11/22/2002
709,2002.0,http://www.ttnews.com/fuel/comdataopis2002.htm,11/25-11/29,1.378,1.4,0.83,11/29/2002
710,2002.0,http://www.ttnews.com/fuel/comdataopis2002.htm,12/2-12/6,1.38,1.401,0.818,12/6/2002
711,2002.0,http://www.ttnews.com/fuel/comdataopis2002.htm,12/9-12/13,1.371,1.391,0.788,12/13/2002
712,2002.0,http://www.ttnews.com/fuel/comdataopis2002.htm,12/16-12/20,1.392,1.41,0.869,12/20/2002
713,2001.0,http://www.ttnews.com/fuel/comdataopis2000.asp,12/24-12/28,1.133,1.142,0.586,12/28/2001
714,2001.0,http://www.ttnews.com/fuel/comdataopis2000.asp,4/22-28,1.403,1.417,0.855,4/28/2001
715,2001.0,http://www.ttnews.com/fuel/comdataopis2000.asp,4/29-5/5,1.388,1.401,0.815,5/5/2001
716,2001.0,http://www.ttnews.com/fuel/comdataopis2000.asp,5/6-12,1.376,1.391,0.831,5/12/2001
717,2001.0,http://www.ttnews.com/fuel/comdataopis2000.asp,5/13-19,1.402,1.417,0.884,5/19/2001
718,2001.0,http://www.ttnews.com/fuel/comdataopis2000.asp,5/20-26,1.412,1.425,0.867,5/26/2001
719,2001.0,http://www.ttnews.com/fuel/comdataopis2000.asp,5/27-6/2,1.406,1.422,0.84,6/2/2001
720,2001.0,http://www.ttnews.com/fuel/comdataopis2000.asp,6/3-9,1.394,1.406,0.832,6/9/2001
721,2001.0,http://www.ttnews.com/fuel/comdataopis2000.asp,6/10-16,1.391,1.405,0.855,6/16/2001
722,2001.0,http://www.ttnews.com/fuel/comdataopis2000.asp,6/17-23,1.403,1.415,0.857,6/23/2001
723,2001.0,http://www.ttnews.com/fuel/comdataopis2000.asp,6/24-30,1.416,1.43,0.89,6/30/2001
724,2001.0,http://www.ttnews.com/fuel/comdataopis2000.asp,7/1-7,1.43,1.444,0.892,7/7/2001
725,2001.0,http://www.ttnews.com/fuel/comdataopis2000.asp,7/8-14,1.422,1.436,0.86,7/14/2001
726,2001.0,http://www.ttnews.com/fuel/comdataopis2000.asp,7/15-21,1.401,1.422,0.856,7/21/2001
727,2001.0,http://www.ttnews.com/fuel/comdataopis2000.asp,7/22-28,1.394,1.406,0.82,7/28/2001
728,2001.0,http://www.ttnews.com/fuel/comdataopis2000.asp,7/29-8/4,1.381,1.392,0.837,8/4/2001
729,2001.0,http://www.ttnews.com/fuel/comdataopis2000.asp,8/5-11,1.39,1.402,0.875,8/11/2001
730,2001.0,http://www.ttnews.com/fuel/comdataopis2000.asp,8/12-18,1.43,1.442,0.922,8/18/2001
731,2001.0,http://www.ttnews.com/fuel/comdataopis2000.asp,8/19-25,1.467,1.482,0.98,8/25/2001
732,2001.0,http://www.ttnews.com/fuel/comdataopis2000.asp,8/26-9/1,1.544,1.561,1.056,9/1/2001
733,2001.0,http://www.ttnews.com/fuel/comdataopis2000.asp,9/2-8,1.584,1.6,1.069,9/8/2001
734,2001.0,http://www.ttnews.com/fuel/comdataopis2000.asp,9/9-15,1.611,1.627,1.093,9/15/2001
735,2001.0,http://www.ttnews.com/fuel/comdataopis2000.asp,9/16-22,1.625,1.641,1.091,9/22/2001
736,2001.0,http://www.ttnews.com/fuel/comdataopis2000.asp,9/23-29,1.613,1.627,1.022,9/29/2001
737,2001.0,http://www.ttnews.com/fuel/comdataopis2000.asp,9/30-10/6,1.583,1.599,1.031,10/6/2001
738,2001.0,http://www.ttnews.com/fuel/comdataopis2000.asp,10/7-13,1.581,1.599,1.07,10/13/2001
739,2001.0,http://www.ttnews.com/fuel/comdataopis2000.asp,10/14-20,1.629,1.645,1.07,10/20/2001
740,2001.0,http://www.ttnews.com/fuel/comdataopis2000.asp,10/21-27,1.611,1.626,1.069,10/27/2001
741,2001.0,http://www.ttnews.com/fuel/comdataopis2000.asp,10/28-11/3,1.594,1.61,1.029,11/3/2001
742,2001.0,http://www.ttnews.com/fuel/comdataopis2000.asp,11/4-10,1.564,1.581,1.011,11/10/2001
743,2001.0,http://www.ttnews.com/fuel/comdataopis2000.asp,11/11-17,1.578,1.594,1.069,11/17/2001
744,2001.0,http://www.ttnews.com/fuel/comdataopis2000.asp,11/18-24,1.605,1.622,1.095,11/24/2001
745,2001.0,http://www.ttnews.com/fuel/comdataopis2000.asp,11/25-12/1,1.612,1.626,1.053,12/1/2001
746,2001.0,http://www.ttnews.com/fuel/comdataopis2000.asp,12/2-8,1.578,1.591,0.994,12/8/2001
747,2001.0,http://www.ttnews.com/fuel/comdataopis2000.asp,12/9-15,1.534,1.55,0.945,12/15/2001
748,2001.0,http://www.ttnews.com/fuel/comdataopis2000.asp,12/16-22,1.5,1.513,0.907,12/22/2001
749,2001.0,http://www.ttnews.com/fuel/comdataopis2000.asp,12/23-29,1.477,1.487,0.921,12/29/2001
750,2000,http://www.ttnews.com/fuel/comdataopis2000.asp,12/30/2000-1/5/2001,1.485,1.499,0.943,1/5/2000
751,2000,http://www.ttnews.com/fuel/comdataopis2000.asp,1/6-12,1.479,1.494,0.92,1/12/2000
752,2000,http://www.ttnews.com/fuel/comdataopis2000.asp,1/13-19,1.483,1.496,0.945,1/19/2000
753,2000,http://www.ttnews.com/fuel/comdataopis2000.asp,1/20-26,1.52,1.536,0.977,1/26/2000
754,2000,http://www.ttnews.com/fuel/comdataopis2000.asp,1/27-2/2,1.504,1.522,0.928,2/2/2000
755,2000,http://www.ttnews.com/fuel/comdataopis2000.asp,2/3-2/9,1.491,1.504,0.946,2/9/2000
756,2000,http://www.ttnews.com/fuel/comdataopis2000.asp,2/10-2/16,1.476,1.496,0.887,2/16/2000
757,2000,http://www.ttnews.com/fuel/comdataopis2000.asp,2/17-2/23,1.437,1.455,0.848,2/23/2000
758,2000,http://www.ttnews.com/fuel/comdataopis2000.asp,2/24-3/2,1.409,1.424,0.82,3/2/2000
759,2000,http://www.ttnews.com/fuel/comdataopis2000.asp,3/3-3/9,1.381,1.394,0.812,3/9/2000
760,2000,http://www.ttnews.com/fuel/comdataopis2000.asp,3/10-3/16,1.368,1.381,0.792,3/16/2000
761,2000,http://www.ttnews.com/fuel/comdataopis2000.asp,3/17-3/23,1.344,1.357,0.765,3/23/2000
762,2000,http://www.ttnews.com/fuel/comdataopis2000.asp,3/24-3/30,1.35,1.363,0.807,3/30/2000
763,2000,http://www.ttnews.com/fuel/comdataopis2000.asp,3/31-4/6,1.35,1.369,0.803,4/6/2000
764,2000,http://www.ttnews.com/fuel/comdataopis2000.asp,4/7-4/13,1.389,1.395,0.855,4/13/2000
765,2000,http://www.ttnews.com/fuel/comdataopis2000.asp,4/14-4/20,1.415,1.435,0.864,4/20/2000
766,2000,http://www.ttnews.com/fuel/comdataopis2000.asp,4/21-4/27,1.411,1.428,0.85,4/27/2000
767,2000,http://www.ttnews.com/fuel/comdataopis2000.asp,4/28-5/04,1.429,1.445,0.892,5/04/2000
768,2000,http://www.ttnews.com/fuel/comdataopis2000.asp,5/05-5/11,1.446,1.464,0.921,5/11/2000
769,2000,http://www.ttnews.com/fuel/comdataopis2000.asp,5/12-5/18,1.462,1.481,0.93,5/18/2000
770,2000,http://www.ttnews.com/fuel/comdataopis2000.asp,5/19-5/25,1.487,1.505,0.982,5/25/2000
771,2000,http://www.ttnews.com/fuel/comdataopis2000.asp,5/26-6/1,1.502,1.522,0.974,6/1/2000
772,2000,http://www.ttnews.com/fuel/comdataopis2000.asp,6/2-6/8,1.48,1.502,0.925,6/8/2000
773,2000,http://www.ttnews.com/fuel/comdataopis2000.asp,6/9-6/15,1.545,1.475,0.918,6/15/2000
774,2000,http://www.ttnews.com/fuel/comdataopis2000.asp,6/16-6/22,1.436,1.462,0.864,6/22/2000
775,2000,http://www.ttnews.com/fuel/comdataopis2000.asp,6/23-6/29,1.399,1.421,0.809,6/29/2000
776,2000,http://www.ttnews.com/fuel/comdataopis2000.asp,6/30-7/6,1.367,1.386,0.797,7/6/2000
777,2000,http://www.ttnews.com/fuel/comdataopis2000.asp,7/7-7/13,1.355,1.373,0.791,7/13/2000
778,2000,http://www.ttnews.com/fuel/comdataopis2000.asp,7/16-7/20,1.334,1.353,0.747,7/20/2000
779,2000,http://www.ttnews.com/fuel/comdataopis2000.asp,7/23-7/27,1.316,1.332,0.754,7/27/2000
780,2000,http://www.ttnews.com/fuel/comdataopis2000.asp,7/30-8/03,1.317,1.332,0.769,8/03/2000
781,2000,http://www.ttnews.com/fuel/comdataopis2000.asp,8/06-8/10,1.326,1.34,0.793,8/10/2000
782,2000,http://www.ttnews.com/fuel/comdataopis2000.asp,8/13-8/17,1.35,1.364,0.826,8/17/2000
783,2000,http://www.ttnews.com/fuel/comdataopis2000.asp,8/20-8/24,1.383,1.397,0.863,8/24/2000
784,2000,http://www.ttnews.com/fuel/comdataopis2000.asp,8/25-8/31,1.444,1.462,0.931,8/31/2000
785,2000,http://www.ttnews.com/fuel/comdataopis2000.asp,9/1-9/7,1.451,1.472,0.919,9/7/2000
786,2000,http://www.ttnews.com/fuel/comdataopis2000.asp,9/10-9/14,1.489,1.51,0.965,9/14/2000
787,2000,http://www.ttnews.com/fuel/comdataopis2000.asp,9/17-9/21,1.467,1.49,0.867,9/21/2000
788,2000,http://www.ttnews.com/fuel/comdataopis2000.asp,9/24-9/28,1.363,1.426,0.762,9/28/2000
789,2000,http://www.ttnews.com/fuel/comdataopis2000.asp,10/1-10/5,1.35,1.368,0.778,10/5/2000
790,2000,http://www.ttnews.com/fuel/comdataopis2000.asp,10/8-10/12,1.323,1.344,0.754,10/12/2000
791,2000,http://www.ttnews.com/fuel/comdataopis2000.asp,10/15-10/19,1.294,1.317,0.713,10/19/2000
792,2000,http://www.ttnews.com/fuel/comdataopis2000.asp,10/22-10/26,1.272,1.292,0.719,10/26/2000
793,2000,http://www.ttnews.com/fuel/comdataopis2000.asp,10/29-11/2,1.261,1.281,0.694,11/2/2000
794,2000,http://www.ttnews.com/fuel/comdataopis2000.asp,11/5-11/9,1.239,1.259,0.665,11/9/2000
795,2000,http://www.ttnews.com/fuel/comdataopis2000.asp,11/12-11/16,1.228,1.248,0.655,11/16/2000
796,2000,http://www.ttnews.com/fuel/comdataopis2000.asp,11/19-11/23,1.193,1.214,0.594,11/23/2000
797,2000,http://www.ttnews.com/fuel/comdataopis2000.asp,11/26-11/30,1.174,1.193,0.587,11/30/2000
798,2000,http://www.ttnews.com/fuel/comdataopis2000.asp,12/3-12/7,1.152,1.171,0.57,12/7/2000
799,2000,http://www.ttnews.com/fuel/comdataopis2000.asp,12/10-12/14,1.127,1.143,0.526,12/14/2000
800,2000,http://www.ttnews.com/fuel/comdataopis2000.asp,12/17-12/21,1.115,1.129,0.565,12/21/2000
